node,degree,degree_rank,betweenness,betweenness_rank,eigenvector,eigenvector_rank,papers,papers_rank
"(James) Huang Z., Zhijian",1,1515,,,,,1.0,604
"Abaffy, József",4,136,,,,,1.0,604
"Abhyankar, Abhay H.",2,634,,,,,1.0,604
"Abou-Zied, Khaled",1,1515,,,,,1.0,604
"Acharya, Viral V.",6,35,0.2869016372953381,5,0.00014940926973741028,78,5.0,17
"Adam, Alexandre",2,634,,,,,1.0,604
"Adam, Klaus",1,1515,,,,,1.0,604
"Adam, Tim R.",3,268,,,,,2.0,206
"Adams, Mike B.",2,634,,,,,2.0,206
"Adams, Renée Birgit",1,1515,,,,,1.0,604
"Adrian, Tobias",1,1515,,,,,1.0,604
"Agarwal, Sumit",3,268,,,,,2.0,206
"Agarwal, Vineet",1,1515,,,,,1.0,604
"Aggarwal, Reena",2,634,0.0,60,0.0052914457344390405,41,1.0,604
"Aghion, Philippe",1,1515,,,,,1.0,604
"Aguiar-Conraria, Luís",1,1515,,,,,1.0,604
"Agusman, Agusman",3,268,,,,,1.0,604
"Ahmed, Shaista",2,634,,,,,1.0,604
"Ahn, Seoungpil",2,634,,,,,1.0,604
"Ahn, Seung Chan",1,1515,,,,,1.0,604
"Aisen, Ari",1,1515,,,,,1.0,604
"Akhigbe, Aigbe O.",2,634,,,,,3.0,73
"Akram, Qaisar Farooq",1,1515,,,,,1.0,604
"Aktas, Nihat",2,634,,,,,1.0,604
"Al-muharrami, Saeed M.",2,634,,,,,1.0,604
"Alavi, Arash",2,634,,,,,1.0,604
"Albanese, Claudio",1,1515,,,,,1.0,604
"Albuquerque, Rui",3,268,,,,,2.0,206
"Alderson, Michael J.",2,634,,,,,1.0,604
"Alessandrini, Pietro",2,634,,,,,1.0,604
"Alevy, Jonathan E.",2,634,,,,,1.0,604
"Alexander, Carol O.",4,136,,,,,4.0,34
"Alexander, Gordon J.",5,69,,,,,4.0,34
"Alexander, S.",2,634,,,,,1.0,604
"Alizadeh, Amir H.",2,634,,,,,1.0,604
"Allayannis, George",2,634,,,,,1.0,604
"Allen, Franklin",2,634,,,,,1.0,604
"Allen, Linda",2,634,,,,,2.0,206
"Almazan, Andres",2,634,,,,,1.0,604
"Almeida, Caio",1,1515,,,,,1.0,604
"Almeida, Heitor V.",4,136,0.04674415698037745,24,1.846249810885057e-05,96,5.0,17
"Alti, Aydoǧan",0,2380,,,,,1.0,604
"Ambrose, Brent William",3,268,,,,,2.0,206
"Amit, Raphael Raffi",1,1515,,,,,1.0,604
"Anderson, Christopher W.",1,1515,,,,,1.0,604
"Andrade, Sandro C.",2,634,,,,,1.0,604
"Andricopoulos, Ari D.",3,268,,,,,1.0,604
"Andrés, Pablo De",1,1515,,,,,1.0,604
"Ang, Andrew",7,24,,,,,5.0,17
"Angelelli, Enrico",2,634,,,,,1.0,604
"Antell, Jan",1,1515,,,,,1.0,604
"Antoniou, Antonios",2,634,,,,,1.0,604
"Apilado, Vincent P.",1,1515,,,,,1.0,604
"Aragon, George O.",0,2380,,,,,1.0,604
"Arena, Marco",0,2380,,,,,1.0,604
"Armenter, Roc",0,2380,,,,,1.0,604
"Arquette, Gregory C.",2,634,,,,,1.0,604
"Aruoba, S. Boraǧan",0,2380,,,,,1.0,604
"Asaftei, Gabriel",0,2380,,,,,1.0,604
"Asdrubali, Pierfederico",1,1515,,,,,1.0,604
"Ashcraft, Adam B.",0,2380,,,,,3.0,73
"Ashton, John K.",1,1515,,,,,1.0,604
"Attari, Mukarram",2,634,,,,,1.0,604
"Attig, Najah",3,268,,,,,1.0,604
"Aunon-Nerin, Daniel",1,1515,,,,,1.0,604
"Avouyi-Dovi, Sanvi",1,1515,,,,,1.0,604
"Avramov, Doron",5,69,,,,,5.0,17
"Axelson, Ulf",0,2380,,,,,1.0,604
"Ayyagari, Meghana",2,634,0.008161479815023128,50,0.08458295297695625,9,1.0,604
"Aït-Sahalia, Yacine",1,1515,,,,,1.0,604
"Aşçıoğlu, Aslı",2,634,,,,,1.0,604
"Aǧca, Şenay",1,1515,,,,,1.0,604
"Bacchetta, Philippe",1,1515,,,,,1.0,604
"Back, Kerry",1,1515,,,,,1.0,604
"Backé, Peter",1,1515,,,,,1.0,604
"Bae, Gil",2,634,,,,,1.0,604
"Bae, Youngsoo",2,634,,,,,1.0,604
"Baele, Lieven",2,634,,,,,1.0,604
"Bagella, Michele",2,634,,,,,1.0,604
"Bailey, Warren",2,634,,,,,1.0,604
"Baker, Malcolm P.",4,136,,,,,3.0,73
"Bakshi, Gurdip S.",4,136,,,,,2.0,206
"Balachandran, Balasingham",2,634,,,,,1.0,604
"Balfoussia, Hiona",1,1515,,,,,1.0,604
"Bali, Turan G.",8,14,,,,,7.0,7
"Ballestra, Luca Vincenzo",2,634,,,,,1.0,604
"Balvers, Ronald J.",1,1515,,,,,1.0,604
"Bandi, Federico M.",1,1515,,,,,1.0,604
"Banerjee, Prithviraj S.",2,634,,,,,1.0,604
"Banerjee, Shantanu",2,634,,,,,1.0,604
"Banerjee, Suman",2,634,,,,,1.0,604
"Banerji, Sanjay",2,634,,,,,1.0,604
"Baptista, Alexandre M.",2,634,,,,,3.0,73
"Bar-Yosef, Sasson",3,268,,,,,1.0,604
"Barber, Brad M.",3,268,,,,,2.0,206
"Barbosa, Andreza",1,1515,,,,,1.0,604
"Bargeron, Leonce L.",3,268,,,,,1.0,604
"Barkoulas, John T.",1,1515,,,,,1.0,604
"Barnes, Michelle L.",1,1515,,,,,1.0,604
"Barone-Adesi, Giovanni",2,634,,,,,1.0,604
"Barron, John M.",2,634,,,,,1.0,604
"Barros, Carlos P.",2,634,,,,,1.0,604
"Bartolini, Leonardo",2,634,,,,,1.0,604
"Bartram, So¨hnke M.",5,69,,,,,4.0,34
"Barucci, Emilio",1,1515,,,,,1.0,604
"Baruch, Shmuel",3,268,,,,,2.0,206
"Basak, Suleyman",3,268,,,,,3.0,73
"Basistha, Arabinda",1,1515,,,,,1.0,604
"Bassett, Gilbert W.",2,634,,,,,1.0,604
"Basu, Devraj",2,634,,,,,1.0,604
"Bates, David S.",0,2380,,,,,1.0,604
"Bates, Thomas W.",3,268,,,,,2.0,206
"Bates, Timothy M.",1,1515,,,,,1.0,604
"Battalio, Robert H.",2,634,,,,,1.0,604
"Bauer, Keldon J.",1,1515,,,,,2.0,206
"Baum, Christopher F.",1,1515,,,,,1.0,604
"Baumann, Ursel",1,1515,,,,,1.0,604
"Beccalli, Elena",0,2380,,,,,1.0,604
"Becchetti, Leonardo",2,634,,,,,1.0,604
"Becerra, Manuel",1,1515,,,,,1.0,604
"Becher, David A.",2,634,,,,,1.0,604
"Beck, Thorsten",5,69,0.02358871807690705,36,0.4933018189790657,2,6.0,11
"Becker, Bo",0,2380,,,,,2.0,206
"Becker, Ralf",2,634,,,,,1.0,604
"Behr, Patrick",1,1515,,,,,1.0,604
"Beirlant, Jan",1,1515,,,,,1.0,604
"Bekaert, Geert",5,69,,,,,4.0,34
"Bell, Adrian R.",2,634,,,,,1.0,604
"Bellini, Fabio",1,1515,,,,,1.0,604
"Belongia, Michael T.",1,1515,,,,,1.0,604
"Ben Omrane, Walid",1,1515,,,,,1.0,604
"Benati, Luca",0,2380,,,,,1.0,604
"Beneish, Messod Daniel",3,268,,,,,1.0,604
"Benet, Bruce A.",2,634,,,,,1.0,604
"Benfratello, Luigi",2,634,,,,,1.0,604
"Benigno, Pierpaolo",1,1515,,,,,1.0,604
"Bennedsen, Morten",2,634,,,,,1.0,604
"Benson, Karen Leigh",1,1515,,,,,1.0,604
"Benth, Fred Espen",2,634,,,,,1.0,604
"Benzoni, Luca",2,634,,,,,1.0,604
"Bergendahl, Göran",3,268,0.0,60,1.6254999051193634e-06,114,1.0,604
"Berger, Allen N.",10,4,0.3758280214973128,3,0.019441454960919122,28,8.0,5
"Bergman, Nittai K.",2,634,,,,,2.0,206
"Bergstresser, Daniel",1,1515,0.0,60,1.713122048479402e-07,128,1.0,604
"Berk, Jonathan B.",1,1515,,,,,1.0,604
"Berkowitz, Michael K.",1,1515,,,,,1.0,604
"Berlemann, Michael",1,1515,,,,,1.0,604
"Bernardo, Antonio E.",2,634,,,,,1.0,604
"Bernhardt, Dan",4,136,0.031371078615173104,31,1.986987344688759e-06,111,3.0,73
"Berrada, Tony",2,634,,,,,1.0,604
"Berry, Tammy L.",3,268,,,,,1.0,604
"Bertocchi, Marida",4,136,,,,,1.0,604
"Bertocco, Giancarlo",0,2380,,,,,1.0,604
"Bertrand, Marianne",4,136,,,,,2.0,206
"Bessembinder, Hendrik",2,634,,,,,1.0,604
"Betker, Brian L.",2,634,,,,,1.0,604
"Bhanot, Karan",1,1515,,,,,1.0,604
"Bharath, Sreedhar T.",5,69,0.15735533058367704,10,0.000743536378533561,62,3.0,73
"Bhattacharya, Utpal",1,1515,,,,,1.0,604
"Bianchi, Michele Leonardo",3,268,,,,,1.0,604
"Białkowski, Jȩdrzej",4,136,,,,,2.0,206
"Bierbrauer, Michael",3,268,,,,,1.0,604
"Biggs, Tyler",1,1515,,,,,1.0,604
"Bilbiie, Florin O.",2,634,,,,,1.0,604
"Billett, Matthew T.",3,268,,,,,2.0,206
"Billi, Roberto M.",1,1515,,,,,1.0,604
"Bindseil, Ulrich",2,634,,,,,1.0,604
"Birge, John R.",1,1515,,,,,1.0,604
"Bizjak, John M.",2,634,,,,,1.0,604
"Blake, Christopher R.",2,634,,,,,1.0,604
"Blanchard, Olivier Jean",1,1515,,,,,1.0,604
"Blanchet-Scalliet, Christophette",4,136,,,,,1.0,604
"Blejer, Mario I.",0,2380,,,,,1.0,604
"Blum, Jürg M.",0,2380,,,,,1.0,604
"Blöchlinger, Andreas",1,1515,,,,,1.0,604
"Board, Simon A.",0,2380,,,,,1.0,604
"Bodie, Zvi",2,634,,,,,1.0,604
"Bodnaruk, Andriy",3,268,,,,,1.0,604
"Boehme, Rodney D.",3,268,,,,,1.0,604
"Boehmer, Ekkehart",4,136,,,,,2.0,206
"Boeri, Tito",1,1515,,,,,1.0,604
"Bohl, Martin T.",2,634,,,,,1.0,604
"Boháček, Radim",1,1515,,,,,1.0,604
"Boivin, Jean",0,2380,,,,,1.0,604
"Bolton, Patrick",2,634,,,,,2.0,206
"Bonaccorsi di Patti, Emilia",2,634,0.015748031496062992,42,0.0018350968823675348,53,2.0,206
"Bonin, John P.",1,1515,,,,,1.0,604
"Boone, Audra L.",4,136,,,,,4.0,34
"Boot, Arnoud W. A.",4,136,,,,,3.0,73
"Booth, Geoffrey Geoffrey",4,136,,,,,1.0,604
"Booth, James R.",1,1515,,,,,1.0,604
"Booth, Lenachua",1,1515,,,,,1.0,604
"Bordo, Michael David",1,1515,,,,,1.0,604
"Borio, Claudio",0,2380,,,,,1.0,604
"Bortolotti, Bernardo",3,268,,,,,1.0,604
"Borzekowski, Ron",2,634,,,,,1.0,604
"Bos, Jaap W.B.",6,35,,,,,3.0,73
"Bottazzi, Laura",2,634,,,,,1.0,604
"Boubaker, Sabri",1,1515,,,,,1.0,604
"Boubakri, Narjess",2,634,,,,,1.0,604
"Boudoukh, Jacob",5,69,,,,,3.0,73
"Bougheas, Spiros",2,634,,,,,1.0,604
"Bourgeon, Jean Marc",2,634,,,,,1.0,604
"Bowdler, Christopher",1,1515,,,,,1.0,604
"Boyer, Brian H.",2,634,,,,,1.0,604
"Boyle, Glenn W.",1,1515,,,,,1.0,604
"Boyle, Phelim P.",3,268,,,,,1.0,604
"Bradford, William D.",1,1515,,,,,1.0,604
"Bradley, Daniel J.",5,69,,,,,2.0,206
"Brandt, Michael W.",2,634,,,,,1.0,604
"Branger, Nicole",2,634,,,,,1.0,604
"Brau, James C.",3,268,,,,,2.0,206
"Braun, Matías",1,1515,,,,,1.0,604
"Braun, R. Anton",1,1515,,,,,1.0,604
"Brav, Alon",3,268,,,,,1.0,604
"Bravo, Jorge M.",1,1515,,,,,1.0,604
"Bremer, Marc",2,634,,,,,1.0,604
"Brennan, Michael J.",1,1515,,,,,1.0,604
"Brenner, Menachem",2,634,,,,,1.0,604
"Breuer, Wolfgang",1,1515,,,,,1.0,604
"Brevoort, Kenneth P.",1,1515,,,,,1.0,604
"Brewer, Elijah",1,1515,,,,,1.0,604
"Brick, Ivan E.",1,1515,,,,,1.0,604
"Bris, Arturo",7,24,,,,,4.0,34
"Brissimis, Sophocles N.",2,634,,,,,1.0,604
"Broadie, Mark N.",3,268,,,,,2.0,206
"Brockman, Paul D.",2,634,,,,,1.0,604
"Broda, Christian",1,1515,,,,,1.0,604
"Brooks, Chris S.",5,69,,,,,2.0,206
"Brounen, Dirk",2,634,,,,,1.0,604
"Brown, Craig R.",3,268,,,,,1.0,604
"Brown, David T.",2,634,,,,,1.0,604
"Brown, Gregory W.",3,268,,,,,2.0,206
"Brown, Jeffrey",4,136,,,,,2.0,206
"Brown, Martin",1,1515,,,,,1.0,604
"Brown, Stephen J.C.",3,268,,,,,1.0,604
"Brown, William O.",3,268,,,,,2.0,206
"Brunnermeier, Markus K.",1,1515,,,,,1.0,604
"Brusco, Sandro",1,1515,,,,,1.0,604
"Buch, Claudia M.",1,1515,,,,,1.0,604
"Bullard, James B.",1,1515,,,,,1.0,604
"Buraschi, Andrea",1,1515,,,,,2.0,206
"Burdekin, Richard C.K.",3,268,,,,,2.0,206
"Burkart, Mike",1,1515,,,,,1.0,604
"Burns, Natasha",3,268,,,,,3.0,73
"Butler, Alexander W.",2,634,,,,,2.0,206
"Byers, Steven S.",3,268,,,,,1.0,604
"Byoun, Soku",0,2380,,,,,1.0,604
"Caballero, Ricardo J.",1,1515,,,,,1.0,604
"Cabolis, Christos",1,1515,,,,,1.0,604
"Caggese, Andrea",0,2380,,,,,1.0,604
"Cahan, Jared M.",2,634,,,,,1.0,604
"Cahan, Rochester H.",2,634,,,,,1.0,604
"Cai, Jie",1,1515,,,,,1.0,604
"Cai, Kelly Nianyun",2,634,,,,,1.0,604
"Calcagnini, Giorgio",2,634,,,,,1.0,604
"Calcagno, Riccardo",1,1515,,,,,1.0,604
"Calem, Paul S.",2,634,0.0,60,2.2384169328177917e-06,106,1.0,604
"Calvet, Laurent Emmanuel",1,1515,,,,,1.0,604
"Camera, Gabriele",1,1515,,,,,1.0,604
"Campa, José Manuel",1,1515,,,,,1.0,604
"Campbell, John Y.",4,136,,,,,4.0,34
"Campello, Murillo",6,35,0.20347456567929006,7,1.8456212479995168e-05,97,5.0,17
"Candelon, Bertrand",2,634,,,,,1.0,604
"Cannon, Edmund S.",1,1515,,,,,1.0,604
"Canova, Fabio",2,634,,,,,1.0,604
"Canzoneri, Matthew B.",3,268,,,,,2.0,206
"Cao, Charles Q.",4,136,,,,,2.0,206
"Caprio, Gerard Jr",2,634,0.04024496937882764,28,0.06471720992521017,13,1.0,604
"Caprio, Lorenzo",1,1515,,,,,1.0,604
"Carbó, Santiago",6,35,0.07624046994125734,21,0.0001158963728189649,81,3.0,73
"Carey, Mark",1,1515,,,,,1.0,604
"Carletti, Elena",4,136,,,,,2.0,206
"Carlin, Bruce I.",2,634,,,,,1.0,604
"Carling, Kenneth",3,268,,,,,1.0,604
"Carlson, Mark A.",1,1515,,,,,1.0,604
"Carlson, Murray",4,136,,,,,2.0,206
"Carlstrom, Charles T.",1,1515,,,,,1.0,604
"Carow, Kenneth A.",4,136,0.03124609423822022,32,0.00922602587172699,35,2.0,206
"Carpenter, Robert E.",1,1515,,,,,1.0,604
"Carpenter, Seth B.",1,1515,,,,,2.0,206
"Carr, Peter P.",2,634,,,,,3.0,73
"Cartea, Álvaro",3,268,,,,,2.0,206
"Carter, Sara",3,268,,,,,1.0,604
"Casamatta, Catherine",1,1515,,,,,1.0,604
"Casares, Miguel",0,2380,,,,,1.0,604
"Castiglionesi, Fabio",1,1515,,,,,2.0,206
"Cerasi, Vittoria",2,634,,,,,1.0,604
"Cerutti, Eugenio",2,634,0.0,60,0.012767395720513696,31,1.0,604
"Cespa, Giovanni",0,2380,,,,,1.0,604
"Cetorelli, Nicola",1,1515,,,,,1.0,604
"Chabi-Yo, Fousseni",2,634,,,,,2.0,206
"Chacko, George C.",6,35,,,,,2.0,206
"Chaieb, Ines",1,1515,,,,,1.0,604
"Chakrabarty, Bidisha",3,268,,,,,1.0,604
"Chakraborty, Atreya",1,1515,,,,,1.0,604
"Chamon, Marcos",1,1515,,,,,1.0,604
"Champagne, Claudia",1,1515,,,,,1.0,604
"Chan, ChoonChat",1,1515,,,,,1.0,604
"Chan, Justin S P",2,634,,,,,1.0,604
"Chan, Kalok",3,268,,,,,2.0,206
"Chan, Konan",5,69,,,,,2.0,206
"Chang, Charles",2,634,,,,,1.0,604
"Chang, Eric C.",4,136,,,,,2.0,206
"Chang, Juin-Jen",3,268,,,,,1.0,604
"Chang, Peter",3,268,,,,,1.0,604
"Chang, Rosita P.",3,268,,,,,1.0,604
"Chang, Shaochi",3,268,,,,,1.0,604
"Chang, Wenya",3,268,,,,,1.0,604
"Chang, Xin",2,634,,,,,1.0,604
"Chang, Yongsung",2,634,,,,,1.0,604
"Chapelle, Ariane",3,268,,,,,1.0,604
"Chari, Anusha",2,634,,,,,3.0,73
"Chari, Varadarajan V.",1,1515,,,,,1.0,604
"Charlebois, Maxime",1,1515,,,,,1.0,604
"Chatfield, Robert Evans",1,1515,,,,,1.0,604
"Chau, Minh",1,1515,,,,,1.0,604
"Chaudhry, Mukesh K.",2,634,,,,,1.0,604
"Chava, Sudheer",2,634,,,,,2.0,206
"Chavez-Demoulin, Valérie",2,634,,,,,1.0,604
"Chay, Jong Bom",2,634,,,,,1.0,604
"Chelley-Steeley, Patrìcia Lorraine",0,2380,,,,,1.0,604
"Chemmanur, Thomas J.",1,1515,,,,,1.0,604
"Chen, An Sing",1,1515,,,,,1.0,604
"Chen, Andrew H.Y.",3,268,,,,,1.0,604
"Chen, Been-Lon",0,2380,,,,,1.0,604
"Chen, Carl R.",2,634,,,,,1.0,604
"Chen, Chen",2,634,,,,,1.0,604
"Chen, Joseph",2,634,,,,,1.0,604
"Chen, Leinlein",2,634,,,,,1.0,604
"Chen, Long",5,69,0.03862017247844019,30,2.3286299255997447e-06,104,3.0,73
"Chen, Oliver",1,1515,,,,,1.0,604
"Chen, Peter",2,634,,,,,1.0,604
"Chen, Qi",2,634,,,,,3.0,73
"Chen, Ren Raw",3,268,,,,,1.0,604
"Chen, Rong",2,634,,,,,1.0,604
"Chen, Sheng-Syan",3,268,,,,,1.0,604
"Chen, Shiusheng",0,2380,,,,,1.0,604
"Chen, Xia",2,634,,,,,1.0,604
"Chen, Xuanjuan",2,634,,,,,1.0,604
"Chen, Yehning",1,1515,,,,,1.0,604
"Chen, Zhaohui",1,1515,,,,,1.0,604
"Chen, Zhiping",1,1515,,,,,1.0,604
"Cheng, Joseph W.",2,634,,,,,1.0,604
"Cheng, Louis T.W.",2,634,,,,,1.0,604
"Cheng, Shijun",2,634,,,,,2.0,206
"Cheon, Youngsoonsusan",2,634,,,,,1.0,604
"Cheridito, Patrick",2,634,,,,,1.0,604
"Chern, Keh Yiing",3,268,,,,,1.0,604
"Chernobai, Anna",1,1515,,,,,1.0,604
"Chernov, Mikhail",3,268,,,,,2.0,206
"Chernykh, Lucy",0,2380,,,,,1.0,604
"Cheung, Yanleung",2,634,,,,,1.0,604
"Chhaochharia, Vidhi",1,1515,,,,,1.0,604
"Chiang, Yi Chein",2,634,,,,,1.0,604
"Chiesa, Gabriella",0,2380,,,,,1.0,604
"Chiyachantana, Chiraphol N.",3,268,,,,,1.0,604
"Cho, Jinwan",0,2380,,,,,1.0,604
"Cho, Seonghoon",1,1515,,,,,1.0,604
"Choi, Byeongyongpaul",1,1515,,,,,1.0,604
"Choi, Chiyoung",2,634,,,,,1.0,604
"Choi, Dosoung",2,634,,,,,1.0,604
"Choi, Seungmook",2,634,,,,,1.0,604
"Chomsisengphet, Souphala",3,268,,,,,1.0,604
"Chong, Beng Soon",3,268,,,,,2.0,206
"Chong, Byunguk",2,634,,,,,1.0,604
"Chordia, Tarun",8,14,,,,,7.0,7
"Chou, Robin K.",3,268,,,,,1.0,604
"Christoffersen, Peter F.",3,268,,,,,1.0,604
"Christoffersen, Susan E.K.",3,268,,,,,1.0,604
"Christopoulos, Dimitris K.",1,1515,,,,,1.0,604
"Chua, Choongtze",6,35,,,,,3.0,73
"Chuang, Wen I.",1,1515,,,,,1.0,604
"Chue, Timothy K.",1,1515,,,,,1.0,604
"Chun, Hyunbae",3,268,,,,,1.0,604
"Chung, Hess",2,634,,,,,1.0,604
"Chung, Huimin",0,2380,,,,,1.0,604
"Chung, Kee H.",3,268,,,,,3.0,73
"Chung, San-Lin",1,1515,,,,,1.0,604
"Chuwonganant, Chairat",3,268,,,,,3.0,73
"Chávez, Gonzalo Arturo",1,1515,,,,,1.0,604
"Cici, Gjergji",2,634,,,,,1.0,604
"Ciochetti, Brian A.",2,634,,,,,1.0,604
"Cipriani, Giam Pietro",1,1515,,,,,1.0,604
"Claessens, Stijn",2,634,0.0,60,0.03504918944181115,20,1.0,604
"Clark, Todd E.",1,1515,,,,,1.0,604
"Clarke, Jonathan E.",4,136,,,,,2.0,206
"Claus, Iris",0,2380,,,,,1.0,604
"Cleary, Sean W.",0,2380,,,,,1.0,604
"Clements, Adam E.",2,634,,,,,1.0,604
"Coakley, Jerry",1,1515,,,,,1.0,604
"Cochrane, John H.",2,634,,,,,2.0,206
"Cogley, Timothy W.",3,268,,,,,2.0,206
"Cohen, Lauren H.",3,268,,,,,2.0,206
"Colacito, Riccardo",3,268,,,,,2.0,206
"Colak, Gonul",3,268,,,,,2.0,206
"Cole, Rebel A.",2,634,,,,,1.0,604
"Coleman, Thomas F.",3,268,,,,,2.0,206
"Coles, Jeffrey L.",2,634,,,,,2.0,206
"Collard, Fabrice",1,1515,,,,,1.0,604
"Collin-Dufresne, Pierre",3,268,,,,,2.0,206
"Collins, Michael Cary",2,634,,,,,1.0,604
"Connolly, Robert A.",2,634,,,,,1.0,604
"Conover, C. Mitchell",2,634,,,,,1.0,604
"Consigli, Giorgio",4,136,,,,,1.0,604
"Consiglio, Andrea",2,634,,,,,1.0,604
"Cook, David E.",2,634,,,,,2.0,206
"Cook, Douglas O.",2,634,,,,,1.0,604
"Cooper, Ian A.",1,1515,,,,,1.0,604
"Cooper, Ilan",0,2380,,,,,1.0,604
"Cooper, Michael J.",4,136,,,,,2.0,206
"Core, John E.",3,268,,,,,2.0,206
"Coricelli, Fabrizio",2,634,,,,,1.0,604
"Corielli, Francesco",1,1515,,,,,1.0,604
"Cornaggia, Kimberly J.",5,69,,,,,2.0,206
"Cornelli, Francesca",2,634,,,,,1.0,604
"Cornett, Marcia Millon",5,69,0.01556055493063367,48,0.0001828185913734041,74,4.0,34
"Corwin, Shane A.",1,1515,,,,,1.0,604
"Cotter, John",1,1515,,,,,1.0,604
"Coughenour, Jay F.",1,1515,,,,,1.0,604
"Cousot, Laurent",0,2380,,,,,1.0,604
"Coval, Joshua D.",3,268,,,,,2.0,206
"Cover, James Peery",2,634,,,,,1.0,604
"Covitz, Daniel M.",1,1515,,,,,1.0,604
"Cox, Steven R.",2,634,0.0,60,0.0009523049446816659,56,1.0,604
"Craig, Ben R.",2,634,,,,,2.0,206
"Craig, Steven G.",1,1515,,,,,1.0,604
"Crama, Yves",3,268,,,,,1.0,604
"Cremers, K. J. Martijn",6,35,0.07699037620297462,19,0.009029373977878575,36,4.0,34
"Croci, Ettore",1,1515,,,,,1.0,604
"Croitoru, Benjamin",1,1515,,,,,1.0,604
"Csóka, Péter",2,634,,,,,1.0,604
"Cull, Robert",3,268,,,,,1.0,604
"Cumby, Robert E.",3,268,,,,,2.0,206
"Cummins, J. David",4,136,,,,,3.0,73
"Cuny, Charles J.",0,2380,,,,,1.0,604
"Cuoco, Domenico",1,1515,,,,,1.0,604
"Curry, Timothy J.",2,634,0.0,60,0.000137877008520404,80,2.0,206
"Cuñat, Vicente",0,2380,,,,,1.0,604
"Cvitanić, Jakša",4,136,,,,,2.0,206
"Cyree, Ken B.",3,268,,,,,1.0,604
"Cysne, Rubens Penha",0,2380,,,,,1.0,604
"D'Ecclesia, Rita Laura",1,1515,,,,,1.0,604
"D'Mello, Ranjan",2,634,,,,,1.0,604
"Da Rin, Marco",2,634,,,,,1.0,604
"Daal, Elton A.",2,634,,,,,1.0,604
"Dahiya, Sandeep",5,69,0.44625671791026117,2,0.005483375027168421,40,2.0,206
"Dahya, Jay",2,634,,,,,1.0,604
"Dai, Qiang",2,634,,,,,1.0,604
"Dai, Zhonglan",3,268,,,,,1.0,604
"Daigler, Robert T.",2,634,,,,,1.0,604
"Dailami, Mansoor",1,1515,0.0,60,1.977527852582187e-05,95,1.0,604
"Daltung, Sonja",2,634,,,,,1.0,604
"Dangl, Thomas",2,634,,,,,1.0,604
"Daniel, Kent D.",1,1515,,,,,1.0,604
"Daniel, Naveen D.",2,634,,,,,2.0,206
"Danielsen, Bartley R.",3,268,,,,,1.0,604
"Danzon, Patricia Munch",2,634,,,,,1.0,604
"Daníelsson, Jón",1,1515,,,,,1.0,604
"Darolles, Serge",2,634,,,,,1.0,604
"Darrat, Ali F.",2,634,,,,,1.0,604
"Das, Sanjiv Ranjan",3,268,,,,,1.0,604
"Das, Somnath",2,634,,,,,1.0,604
"Dasgupta, Sudipto",7,24,,,,,4.0,34
"Dass, Nishant",2,634,,,,,1.0,604
"Dastidar, Siddhartha G.",2,634,,,,,1.0,604
"David, Alexander",0,2380,,,,,2.0,206
"Davidson, Wallace N.",3,268,,,,,1.0,604
"Davig, Troy",2,634,,,,,1.0,604
"Davis, Gerald F.",1,1515,,,,,1.0,604
"Davis, Lance E.",3,268,,,,,1.0,604
"Davydenko, Sergei A.",2,634,,,,,2.0,206
"De Bodt, Eric",3,268,,,,,2.0,206
"De Fontnouvelle, Patrick",3,268,,,,,1.0,604
"De Francisco, Eva",2,634,,,,,1.0,604
"De Goeij, Peter",1,1515,,,,,1.0,604
"De Graeve, Ferre",2,634,,,,,1.0,604
"De Haas, Ralph T.A.",1,1515,,,,,1.0,604
"De Jong, Abe",4,136,,,,,2.0,206
"De Jong, Frank",3,268,,,,,1.0,604
"De Jonghe, Olivier",3,268,,,,,3.0,73
"De La Torre, Augusto",2,634,6.249218847644044e-05,57,0.0116271280739342,32,1.0,604
"De Motta, Adolfo",2,634,,,,,1.0,604
"De Nicoló, Gianni",2,634,0.0,60,0.03504918944181115,20,1.0,604
"De Palma, André",1,1515,,,,,1.0,604
"DeAngelo, Harry",2,634,,,,,2.0,206
"DeAngelo, Linda Elizabeth",2,634,,,,,2.0,206
"DeLong, Gayle L.",1,1515,0.0,60,0.00017871067161771433,76,1.0,604
"DeYoung, Robert E.",6,35,0.20209973753280838,8,0.001909963625930617,52,4.0,34
"Degeorge, François",2,634,,,,,1.0,604
"Degryse, Hans",1,1515,,,,,1.0,604
"Deidda, Luca G.",1,1515,,,,,1.0,604
"Dejesus-Rueff, Virginia",3,268,,,,,1.0,604
"Del Guercio, Diane",2,634,,,,,1.0,604
"Delgado, Javier",2,634,,,,,1.0,604
"Delis, Manthos D.",2,634,,,,,1.0,604
"Dell'Ariccia, Giovanni",7,24,0.08100029163021279,18,0.02372159002529466,27,4.0,34
"Della Corte, Pasquale",2,634,,,,,1.0,604
"Dellas, Harris",3,268,,,,,3.0,73
"Demarzo, Peter M.",4,136,,,,,5.0,17
"Demery, David",1,1515,,,,,1.0,604
"Demiralp, Selva",1,1515,,,,,2.0,206
"Demirgüç-Kunt, Asli",10,4,0.12851726867474894,13,0.5769533171659158,1,10.0,2
"Demirtas, K. Ozgur",2,634,,,,,1.0,604
"Dempster, Michael A.H.",2,634,,,,,1.0,604
"Demyanyk, Yuliya S.",2,634,,,,,1.0,604
"Deng, Saiying(Esther)",2,634,,,,,2.0,206
"Deng, Yongheng",1,1515,,,,,1.0,604
"Deng, ZiYin",2,634,,,,,1.0,604
"Denis, David J.",3,268,,,,,2.0,206
"Denis, Diane Kowalski",2,634,,,,,1.0,604
"Dennis, Richard",1,1515,,,,,1.0,604
"Dentcheva, Darinka",1,1515,,,,,1.0,604
"Derashid, Chek",2,634,,,,,1.0,604
"Dermine, Jean",1,1515,,,,,1.0,604
"Derrien, François",3,268,,,,,2.0,206
"Derwall, Jeroen",1,1515,,,,,1.0,604
"Desai, Mihir A.",6,35,,,,,5.0,17
"Detragiache, Enrica",5,69,0.02100362454693163,37,0.07473343401879307,11,3.0,73
"Deuskar, Prachi",2,634,,,,,1.0,604
"Devereux, John",2,634,,,,,1.0,604
"Devereux, Michael B.",1,1515,,,,,1.0,604
"Devriese, Johan",1,1515,,,,,1.0,604
"Dewachter, Hans",1,1515,,,,,1.0,604
"Dhaliwal, Dan S.",1,1515,,,,,1.0,604
"Dharmapala, Dhammika",1,1515,,,,,1.0,604
"Dhawan, Rajeev",1,1515,,,,,1.0,604
"Di Giorgio, Giorgio",1,1515,,,,,1.0,604
"Diacon, Stephen R.",4,136,,,,,1.0,604
"Diba, Behzad T.",3,268,,,,,2.0,206
"Dick, Astrid A.",3,268,0.0,60,0.004107407152907448,44,4.0,34
"Diether, Karl B.",2,634,,,,,1.0,604
"Dimitrov, Orlin V.",2,634,,,,,1.0,604
"Dimitrov, Valentin",1,1515,,,,,1.0,604
"Dionne, Georges",2,634,,,,,1.0,604
"Diop, Awa Hélène",4,136,,,,,1.0,604
"Dittmann, Ingolf",1,1515,,,,,1.0,604
"Dittmar, Amy K.",3,268,,,,,3.0,73
"Dittmar, Robert F.",2,634,,,,,2.0,206
"Djankov, Simeon",4,136,,,,,2.0,206
"Do, Quy Toan",1,1515,,,,,1.0,604
"Doh, Taeyoung",2,634,,,,,1.0,604
"Doidge, Craig",2,634,,,,,1.0,604
"Dong, Ming",3,268,,,,,1.0,604
"Doran, James S.",3,268,,,,,2.0,206
"Dorn, Daniel",2,634,,,,,1.0,604
"Dos Santos, Marcelo B.",2,634,,,,,1.0,604
"Dotsis, George",2,634,,,,,1.0,604
"Douglas J. Cumming, Douglas",1,1515,,,,,2.0,206
"Douglas, Alan Victor Scott",0,2380,,,,,1.0,604
"Doukas, John A.",1,1515,,,,,1.0,604
"Dowd, Kevin",1,1515,,,,,1.0,604
"Downing, Christopher",2,634,,,,,2.0,206
"Doyle, Matthew",1,1515,,,,,1.0,604
"Drake, Leigh M.",2,634,,,,,1.0,604
"Driesprong, Gerben",2,634,,,,,1.0,604
"Driessen, Joost",4,136,0.1189851268591426,14,0.03557664158335796,19,3.0,73
"Dryburgh, Paul R.",2,634,,,,,1.0,604
"Du, Bin",2,634,,,,,1.0,604
"Duarte, Jefferson",5,69,,,,,3.0,73
"Duck, Nigel W.",1,1515,,,,,1.0,604
"Duck, Peter W.",3,268,,,,,1.0,604
"Dueker, Michael J.",1,1515,,,,,1.0,604
"Duffee, Gregory R.",0,2380,,,,,1.0,604
"Duffie, J. Darrell",6,35,,,,,3.0,73
"Duffy, John",4,136,,,,,3.0,73
"Dunbar, Craig G.",1,1515,,,,,1.0,604
"Duong, Huu Nhan",1,1515,,,,,1.0,604
"Dupačová, Jitka",4,136,,,,,1.0,604
"Dupoyet, Brice V.",2,634,,,,,1.0,604
"Durham, Garland B.",0,2380,,,,,1.0,604
"Dutordoir, Marie",1,1515,,,,,1.0,604
"Dwyer, Douglas W.",1,1515,,,,,1.0,604
"Dyck, Alexander",3,268,,,,,2.0,206
"Díaz, Antonio",2,634,,,,,1.0,604
"Døskeland, Trond M.",1,1515,,,,,1.0,604
"Easaw, Joshy Z.",1,1515,,,,,1.0,604
"Eaves, James",1,1515,,,,,1.0,604
"Ebnöther, Silvan",2,634,,,,,2.0,206
"Eckbo, B. Espen",1,1515,,,,,1.0,604
"Ederington, Louis H.",1,1515,,,,,1.0,604
"Edirisinghe, N. Chanaka P.",1,1515,,,,,1.0,604
"Edmans, Alex",2,634,,,,,1.0,604
"Edwards, Amy K.",2,634,,,,,1.0,604
"Edwards, Sebastian",1,1515,,,,,1.0,604
"Efendi, Jap",2,634,,,,,1.0,604
"Egami, Masahiko",1,1515,,,,,1.0,604
"Eggertsson, Gauti Bergþóruson",0,2380,,,,,1.0,604
"Egloff, Daniel",2,634,,,,,1.0,604
"Ehling, Paul",1,1515,,,,,1.0,604
"Ehrmann, Michael",1,1515,,,,,1.0,604
"Eichengreen, Barry J.",2,634,,,,,1.0,604
"Eisdorfer, Assaf",0,2380,,,,,1.0,604
"Eisfeldt, Andrea L.",1,1515,,,,,1.0,604
"Eitrheim, Øyvind",1,1515,,,,,1.0,604
"Eldor, Rafi",3,268,,,,,1.0,604
"Eleanor Xu, Xiaoqing",2,634,,,,,1.0,604
"Eleswarapu, Venkat R.",2,634,,,,,2.0,206
"Eling, Martin",1,1515,,,,,1.0,604
"Elliott, Graham",1,1515,,,,,1.0,604
"Elliott, William B.",2,634,,,,,1.0,604
"Ellis, Katrina",0,2380,,,,,1.0,604
"Ellul, Andrew",3,268,,,,,3.0,73
"Elton, Edwin J.",2,634,,,,,1.0,604
"Elul, Ronel",0,2380,,,,,1.0,604
"Elyasiani, Elyas",5,69,,,,,4.0,34
"Embrechts, Paul",2,634,,,,,1.0,604
"Enders, Walter",2,634,,,,,1.0,604
"Engel, Charles",1,1515,,,,,1.0,604
"Engle, Robert F.",3,268,,,,,2.0,206
"Engle-Warnick, Jim C.",1,1515,,,,,1.0,604
"Epermanis, Karen",1,1515,,,,,1.0,604
"Episcopos, Athanasios",0,2380,,,,,1.0,604
"Epstein, Andrew J.",2,634,,,,,1.0,604
"Epstein, Larry G.",1,1515,,,,,1.0,604
"Erenburg, Grigori",2,634,,,,,1.0,604
"Erkan, Hafize G.",1,1515,,,,,1.0,604
"Errunza, Vihang R.",3,268,,,,,2.0,206
"Esteghamat, Kian",1,1515,,,,,1.0,604
"Eun, Cheol S.",2,634,,,,,1.0,604
"Evanoff, Douglas D.",1,1515,,,,,1.0,604
"Evans, George W.",1,1515,,,,,1.0,604
"Evans, Martin D.D.",1,1515,,,,,1.0,604
"Evren Damar, H.",0,2380,,,,,1.0,604
"Fabozzi, Frank J.",6,35,,,,,3.0,73
"Faccio, Mara",2,634,,,,,1.0,604
"Faff, Robert W.",3,268,,,,,2.0,206
"Faia, Ester",1,1515,,,,,2.0,206
"Faig, Miquel",2,634,,,,,2.0,206
"Faleye, Olubunmi",0,2380,,,,,1.0,604
"Falk, Barry L.",1,1515,,,,,1.0,604
"Fama, Eugene F.",1,1515,,,,,5.0,17
"Fan, Joseph",2,634,,,,,1.0,604
"Fan, Longzhen",1,1515,,,,,1.0,604
"Farhi, Emmanuel",1,1515,,,,,1.0,604
"Farinelli, Simone",4,136,,,,,1.0,604
"Farrant, Katie",1,1515,,,,,1.0,604
"Fattouh, Bassam A.",1,1515,,,,,1.0,604
"Fatum, Rasmus",1,1515,0.0,60,2.0753981050588253e-05,94,2.0,206
"Fatás, Antonio",2,634,,,,,1.0,604
"Faulkender, Michael",2,634,,,,,2.0,206
"Fauver, Larry",1,1515,,,,,1.0,604
"Fawcett, Stanley E.",1,1515,,,,,1.0,604
"Fecht, Falko",3,268,,,,,2.0,206
"Fee, C. Edward",2,634,,,,,1.0,604
"Fehle, Frank R.",1,1515,,,,,1.0,604
"Feijen, Erik",2,634,0.0,60,0.03504918944181115,20,1.0,604
"Feldhütter, Peter",1,1515,,,,,1.0,604
"Feng, Shui",3,268,,,,,1.0,604
"Fenn, Paul T.",4,136,,,,,1.0,604
"Ferland, René",1,1515,,,,,1.0,604
"Fernandes, Nuno",1,1515,,,,,1.0,604
"Fernando, Chitru S.",3,268,,,,,2.0,206
"Fernández de Guevara, Juan",1,1515,,,,,1.0,604
"Ferraris, Leo",1,1515,,,,,1.0,604
"Ferreira, Cândida",2,634,,,,,1.0,604
"Ferreira, Daniel",1,1515,,,,,1.0,604
"Ferreira, Manuel",4,136,,,,,1.0,604
"Ferreira, Miguel Ângelo",4,136,,,,,4.0,34
"Ferson, Wayne E.",2,634,,,,,1.0,604
"Fich, Eliezer M.",1,1515,,,,,2.0,206
"Fidrmuc, Jana P.",2,634,,,,,1.0,604
"Field, Laura Casares",3,268,,,,,1.0,604
"Fields, L. Paige",4,136,,,,,2.0,206
"Figá-Talamanca, Gianna",1,1515,,,,,1.0,604
"Filipovic, Damir",2,634,,,,,1.0,604
"Fink, Jason D.",2,634,,,,,1.0,604
"Fink, Kristin E.",2,634,,,,,1.0,604
"Fiordelisi, Franco",0,2380,,,,,1.0,604
"Fisher, Adlai J.",3,268,,,,,2.0,206
"Fisher, Timothy C.G.",1,1515,,,,,1.0,604
"Fishman, Michael J.",1,1515,,,,,2.0,206
"Fisman, Raymond J.",2,634,,,,,1.0,604
"Fissel, Gary S.",3,268,0.007811523559555055,52,0.0003680693256926598,64,3.0,73
"Flannery, Mark J.",1,1515,0.0,60,8.990133353959489e-05,85,1.0,604
"Fleming, Jeff",2,634,,,,,1.0,604
"Fleming, Michael J.",1,1515,,,,,1.0,604
"Fluck, Zsuzsanna",2,634,,,,,1.0,604
"Focarelli, Dario",1,1515,,,,,1.0,604
"Foerster, Stephen R.",1,1515,,,,,1.0,604
"Fogel, Kathy S.",2,634,,,,,1.0,604
"Fong, Wai Mun",1,1515,,,,,1.0,604
"Fong, Waiming",3,268,,,,,1.0,604
"Fonseca, Ana Rosa",1,1515,,,,,1.0,604
"Forbes, Kristin J.",2,634,,,,,1.0,604
"Forsyth, Peter A.",2,634,,,,,1.0,604
"Foster, Dean P.",3,268,,,,,1.0,604
"Foster, Michael E.",2,634,,,,,1.0,604
"Foucault, Thierry",4,136,,,,,3.0,73
"Frame, W. Scott",1,1515,0.0,60,0.00023053208454471412,68,1.0,604
"Francis, Bill B.",5,69,,,,,4.0,34
"Franks, Julian R.",1,1515,,,,,1.0,604
"Franzen, Laurel A.",2,634,,,,,1.0,604
"Franzoni, Francesco",1,1515,,,,,1.0,604
"Fraser, Donald R.",6,35,,,,,3.0,73
"Fratzscher, Marcel",1,1515,,,,,1.0,604
"Frauendorfer, Karl",2,634,,,,,1.0,604
"Frazzini, Andrea",2,634,,,,,3.0,73
"Freixas, Xavier",5,69,,,,,4.0,34
"French, Kenneth R.",1,1515,,,,,5.0,17
"Friberg, Richard",1,1515,,,,,1.0,604
"Friedman, Craig",3,268,,,,,2.0,206
"Friesen, Geoffrey C.",1,1515,,,,,1.0,604
"Frino, Alex",2,634,,,,,1.0,604
"Fritz Foley, C.",6,35,,,,,4.0,34
"Froot, Kenneth A.",2,634,,,,,2.0,206
"Frydman, Halina",1,1515,,,,,1.0,604
"Fuerst, Michael E.",1,1515,,,,,1.0,604
"Fuerst, Timothy S.",1,1515,,,,,1.0,604
"Fuertes, Ana-María María",2,634,,,,,2.0,206
"Fujiki, Hiroshi",0,2380,,,,,1.0,604
"Fukunaga, Ichiro",0,2380,,,,,1.0,604
"Fulghieri, Paolo",1,1515,,,,,1.0,604
"Fung, King Fai",0,2380,,,,,2.0,206
"Fung, William",3,268,,,,,1.0,604
"Fusai, Gianluca",3,268,,,,,2.0,206
"Gabaix, Xavier",2,634,,,,,1.0,604
"Gabriel, Stuart A.",1,1515,,,,,1.0,604
"Gadhoum, Yoser",3,268,,,,,1.0,604
"Gaiotti, Eugenio",1,1515,,,,,1.0,604
"Gajewski, Jean François",1,1515,,,,,1.0,604
"Galai, Dan",2,634,,,,,1.0,604
"Galema, Rients",2,634,,,,,1.0,604
"Gali, Jordi",1,1515,,,,,1.0,604
"Gallmeyer, Michael F.",2,634,,,,,1.0,604
"Galluccio, Stefano",1,1515,,,,,1.0,604
"Gamba, Andrea",1,1515,,,,,1.0,604
"Gambetti, Luca",2,634,,,,,1.0,604
"Gan, Jie",1,1515,,,,,3.0,73
"Ganslandt, Mattias",1,1515,,,,,1.0,604
"Garbade, Kenneth D.",1,1515,,,,,1.0,604
"Garcia, René",2,634,,,,,1.0,604
"García, Diego",2,634,,,,,1.0,604
"García-Feijóo, Luis",1,1515,,,,,1.0,604
"García-Herrero, Alicia",1,1515,0.0,60,0.010547949386358084,33,1.0,604
"García-Peñalosa, Cecilia",1,1515,,,,,1.0,604
"Garibaldi, Pietro",1,1515,,,,,1.0,604
"Garlappi, Lorenzo",4,136,,,,,2.0,206
"Garmaise, Mark J.",1,1515,,,,,2.0,206
"Gart, Alan",2,634,,,,,1.0,604
"Garvey, Gerald T.",1,1515,,,,,1.0,604
"Gasbarro, Dominic",3,268,,,,,1.0,604
"Gaspar, José Miguel",2,634,,,,,2.0,206
"Gatev, Evan",3,268,,,,,2.0,206
"Gatzert, Nadine",1,1515,,,,,1.0,604
"Ge, Ying",1,1515,,,,,1.0,604
"Gehrig, Thomas P.",1,1515,,,,,1.0,604
"Geman, Hélyette",2,634,,,,,2.0,206
"George, Thomas J.",1,1515,,,,,1.0,604
"Gerace, Dionigi",2,634,,,,,1.0,604
"Gerdesmeier, Dieter",2,634,,,,,1.0,604
"Gersbach, Hans",2,634,,,,,2.0,206
"Gertler, Mark L.",4,136,,,,,2.0,206
"Ghosh, Chinmoy",2,634,,,,,1.0,604
"Ghoshray, Atanu",1,1515,,,,,1.0,604
"Giaccotto, Carmelo",2,634,,,,,1.0,604
"Giammarino, Ron M.",2,634,,,,,1.0,604
"Giamouridis, Daniel",2,634,,,,,2.0,206
"Giannetti, Antoine",2,634,,,,,1.0,604
"Giannetti, Mariassunta",1,1515,,,,,2.0,206
"Giannopoulos, Kostas",0,2380,,,,,1.0,604
"Gibson, Rajna",4,136,,,,,1.0,604
"Gibson, Scott",2,634,,,,,1.0,604
"Gilchrist, Simon G.",2,634,,,,,1.0,604
"Gillette, Ann B.",1,1515,,,,,1.0,604
"Ginglinger, Edith",1,1515,,,,,1.0,604
"Giot, Pierre",1,1515,,,,,1.0,604
"Glasserman, Paul",1,1515,,,,,1.0,604
"Gleason, Kimberly C.",2,634,,,,,1.0,604
"Glennon, Dennis C.",2,634,0.0,60,0.00019715963468652691,72,1.0,604
"Gobbi, Giorgio",1,1515,0.0,60,0.00017170420605540086,77,1.0,604
"Goddard, John A.",4,136,,,,,2.0,206
"Goel, Anand Mohan",1,1515,,,,,1.0,604
"Goergen, Marc",3,268,,,,,2.0,206
"Goetzmann, William Nelson",10,4,,,,,4.0,34
"Gokcan, Suleyman",2,634,,,,,1.0,604
"Gold, Mark",3,268,,,,,1.0,604
"Goldberg, Gerson M.",2,634,,,,,1.0,604
"Goldberg, Lawrence G.",7,24,0.08207307419905843,17,0.0025521402360985336,46,3.0,73
"Goldfarb, Brent",2,634,,,,,1.0,604
"Goldman, Eitan Moshe",1,1515,,,,,1.0,604
"Goldreich, David",2,634,,,,,1.0,604
"Goldstein, Itay",2,634,,,,,2.0,206
"Goldstein, Michael A.",2,634,,,,,1.0,604
"Goldstein, Robert S.",3,268,,,,,2.0,206
"Gomes, Francisco J.",1,1515,,,,,2.0,206
"Gomes, João F.",2,634,0.0,60,2.618396133324619e-07,118,1.0,604
"Gomes-Casseres, Benjamin",2,634,,,,,1.0,604
"Gompers, Paul A.",3,268,,,,,1.0,604
"Gondat-Larralde, Céline",1,1515,,,,,1.0,604
"Gong, Guojin",2,634,,,,,1.0,604
"Gonzalez, Francisco M.",1,1515,,,,,1.0,604
"Gonzalez, Laura",1,1515,,,,,1.0,604
"Gonçalves, Paulo Miguel Marques Gama",1,1515,,,,,1.0,604
"Goodhart, Charles A.E.",0,2380,,,,,1.0,604
"Gopalan, Radhakrishnan",4,136,,,,,3.0,73
"Gordy, Michael B.",3,268,0.015748031496062992,42,2.256518508924686e-06,105,2.0,206
"Gottesman, Aron A.",1,1515,,,,,1.0,604
"Gottschalk, Katrin",2,634,,,,,1.0,604
"Goyal, Amit",6,35,,,,,4.0,34
"Gozzi, Juan Carlos",3,268,0.01562304711911011,47,0.04825899159638226,15,2.0,206
"Grace, Martin F.",1,1515,,,,,1.0,604
"Graham, John R.",4,136,,,,,3.0,73
"Graham, Liam",1,1515,,,,,1.0,604
"Granger, Clive W.J.",2,634,,,,,1.0,604
"Grané, Aurea",1,1515,,,,,1.0,604
"Gray, Philip K.",3,268,,,,,2.0,206
"Green, Richard C.",2,634,,,,,2.0,206
"Greene, Jason T.",2,634,,,,,1.0,604
"Greenwood, Robin M.",0,2380,,,,,1.0,604
"Grenadier, Steven R.",1,1515,,,,,1.0,604
"Gresse, Carole",1,1515,,,,,1.0,604
"Greyserman, Alex",2,634,,,,,1.0,604
"Grier, Kevin B.",1,1515,,,,,1.0,604
"Griffin, John M.",4,136,,,,,2.0,206
"Griffiths, Mark D.",3,268,,,,,1.0,604
"Grinstein, Yaniv",1,1515,,,,,2.0,206
"Gropp, Reint E.",2,634,,,,,1.0,604
"Grout, Paul A.",1,1515,,,,,1.0,604
"Gruber, Martin J.",2,634,,,,,1.0,604
"Grullon, Gustavo",2,634,,,,,1.0,604
"Guariglia, Alessandra",2,634,,,,,3.0,73
"Guay, Wayne R.",3,268,,,,,2.0,206
"Guedhami, Omrane",1,1515,,,,,1.0,604
"Guerra, Maria",1,1515,,,,,1.0,604
"Guerrieri, Luca",0,2380,,,,,1.0,604
"Guidolin, Massimo",1,1515,,,,,1.0,604
"Guiso, Luigi",2,634,,,,,1.0,604
"Gulen, Huseyin",5,69,,,,,2.0,206
"Guo, Hui",4,136,,,,,5.0,17
"Guo, Rejin",2,634,,,,,1.0,604
"Gupta, Anurag",2,634,,,,,1.0,604
"Gupta, Nandini",1,1515,,,,,1.0,604
"Gupta, Poonam N.",2,634,0.00031246094238220214,56,0.013469074145662518,30,1.0,604
"Guthrie, Graeme A.",1,1515,,,,,1.0,604
"Gutierrez, Roberto C.",1,1515,,,,,1.0,604
"Gârleanu, Nicolae",2,634,,,,,1.0,604
"Géczy, Christopher C.",5,69,,,,,2.0,206
"Gómez-Valle, Lourdes",1,1515,,,,,1.0,604
"Güner, A. Burak",2,634,,,,,2.0,206
"Güner, Z. Nuray",2,634,,,,,1.0,604
"Güttler, André",2,634,,,,,2.0,206
"Ha, Joonkyung",1,1515,,,,,1.0,604
"Habib, Michel A.",2,634,,,,,2.0,206
"Hackbarth, Dirk",4,136,,,,,3.0,73
"Hadlock, Charles J.",2,634,,,,,1.0,604
"Hafner, Wolfgang",1,1515,,,,,1.0,604
"Hagedoorn, John",2,634,,,,,1.0,604
"Hagendorff, Jens",2,634,,,,,1.0,604
"Hahn, Volker",1,1515,,,,,1.0,604
"Haigh, Michael S.",2,634,,,,,1.0,604
"Hale Shapiro, Adam",0,2380,,,,,1.0,604
"Hale, Galina B.",1,1515,,,,,1.0,604
"Hall, M. J.D.",2,634,,,,,1.0,604
"Halling, Michael",3,268,,,,,1.0,604
"Halpern, László",1,1515,,,,,1.0,604
"Hamao, Yasushi",2,634,0.0,60,8.892347718111383e-05,86,1.0,604
"Hameed, Allaudeen",1,1515,,,,,1.0,604
"Hamon, Jacques",1,1515,,,,,1.0,604
"Han, Bing",2,634,,,,,3.0,73
"Han, Xi",3,268,,,,,1.0,604
"Han, Yufeng",0,2380,,,,,1.0,604
"Handley, John C.",0,2380,,,,,1.0,604
"Hanes, Christopher",0,2380,,,,,1.0,604
"Hannan, Timothy H.",1,1515,,,,,3.0,73
"Hansen, Lars Peter",3,268,,,,,1.0,604
"Hanson, Samuel G.",1,1515,,,,,1.0,604
"Hanweck, Gerald A.",3,268,0.007811523559555055,52,0.0003680693256926598,64,3.0,73
"Hao, Graceqing",0,2380,,,,,1.0,604
"Hardee, Pauline",1,1515,,,,,1.0,604
"Harding, John P.",2,634,,,,,1.0,604
"Hardwick, Philip",2,634,,,,,1.0,604
"Harford, Jarrad",7,24,,,,,4.0,34
"Haritchabalet, Carole",1,1515,,,,,1.0,604
"Harper, Joel T.",1,1515,,,,,1.0,604
"Harrington, Scott E.",3,268,,,,,2.0,206
"Harris, Jeffrey H.",2,634,,,,,1.0,604
"Harris, Lawrence E.",2,634,,,,,2.0,206
"Harris, Milton",1,1515,,,,,1.0,604
"Harrison, Teresa D.",2,634,,,,,1.0,604
"Hartmann, Philipp",2,634,,,,,1.0,604
"Hartzell, Jay C.",3,268,,,,,1.0,604
"Haruvy, Ernan E.",1,1515,,,,,1.0,604
"Harvey, Campbell R.",3,268,,,,,2.0,206
"Hasan, Iftekhar",8,14,,,,,6.0,11
"Haslag, Joseph H.",1,1515,,,,,1.0,604
"Hasman, Augusto",1,1515,,,,,1.0,604
"Hau, Harald",1,1515,,,,,1.0,604
"Hauner, David",0,2380,,,,,1.0,604
"Hauser, Shmuel",3,268,,,,,1.0,604
"Haushalter, David David",2,634,,,,,1.0,604
"Hauswald, Robert",2,634,0.015748031496062992,42,0.00021135760978623964,69,2.0,206
"Havrylchyk, Olena",0,2380,,,,,1.0,604
"He, Ping",0,2380,,,,,1.0,604
"Hecht, Peter",1,1515,,,,,1.0,604
"Heffernan, Shelagh A.",0,2380,,,,,1.0,604
"Hegde, Shantaram P.",4,136,,,,,2.0,206
"Heid, Frank",5,69,,,,,2.0,206
"Hein, Scott E.",1,1515,,,,,1.0,604
"Hellerstein, Rebecca",0,2380,,,,,1.0,604
"Hellmann, Thomas F.",4,136,,,,,3.0,73
"Helwege, Jean",4,136,,,,,2.0,206
"Henderson, Brian J.",2,634,,,,,1.0,604
"Hennessy, Christopher A.",4,136,,,,,3.0,73
"Henry, Peter Blair",1,1515,,,,,1.0,604
"Henry, Tyler R.",2,634,,,,,1.0,604
"Hens, Thorsten",2,634,,,,,1.0,604
"Herings, P. Jean-Jacques",2,634,,,,,1.0,604
"Hernando, Ignacio",2,634,,,,,2.0,206
"Heron, Randall A.",1,1515,,,,,1.0,604
"Herrera, Ana María",1,1515,,,,,1.0,604
"Herring, Richard John",2,634,,,,,1.0,604
"Hertzel, Michael G.",3,268,,,,,1.0,604
"Heston, Steven L.",3,268,,,,,2.0,206
"Hibbert, Ann Marie",2,634,,,,,1.0,604
"Hibiki, Norio",0,2380,,,,,1.0,604
"Higgins, Matthew J.",1,1515,,,,,1.0,604
"Hightower, Kenneth N.",2,634,,,,,1.0,604
"Hilary, Gilles",2,634,,,,,1.0,604
"Hilscher, Jens",2,634,,,,,1.0,604
"Hilton, Spence",2,634,,,,,1.0,604
"Hines, James R.",2,634,,,,,2.0,206
"Hinnerich, Mia",0,2380,,,,,1.0,604
"Hirose, Yasuo",0,2380,,,,,1.0,604
"Hirshleifer, David",5,69,,,,,2.0,206
"Hirtle, Beverly J.",1,1515,,,,,3.0,73
"Ho, Taikuang",1,1515,,,,,1.0,604
"Ho, Wai Ming",2,634,,,,,1.0,604
"Hoberg, Gerard",0,2380,,,,,1.0,604
"Hochberg, Yael V.",2,634,,,,,1.0,604
"Hodges, Charles W.",2,634,,,,,1.0,604
"Hodrick, Robert J.",3,268,,,,,1.0,604
"Hollifield, Burton",5,69,,,,,3.0,73
"Holmén, Martin",2,634,,,,,1.0,604
"Holod, Dmytro",1,1515,,,,,1.0,604
"Holthausen, Cornelia",2,634,,,,,2.0,206
"Hong, Bi Shia",1,1515,,,,,1.0,604
"Hong, Dong",2,634,,,,,1.0,604
"Hong, Gwangheon",1,1515,,,,,1.0,604
"Hong, Harrison",8,14,,,,,6.0,11
"Hong, Yongmiao",2,634,,,,,1.0,604
"Honig, Adam",0,2380,,,,,1.0,604
"Honohan, Patrick",0,2380,,,,,1.0,604
"Hotchkiss, Edith SHWALB",2,634,,,,,1.0,604
"Hou, Kewei",1,1515,,,,,2.0,206
"Houkari, Mohamed",2,634,,,,,1.0,604
"Hovakimian, Gayané",1,1515,,,,,1.0,604
"Howells, Bradley",1,1515,0.0,60,2.112912788249853e-07,125,1.0,604
"Howitt, Peter W.",1,1515,,,,,1.0,604
"Hsieh, David A.",3,268,,,,,1.0,604
"Hsieh, Jim",1,1515,,,,,1.0,604
"Hu, Charles X.",1,1515,,,,,1.0,604
"Hu, Yifan",1,1515,,,,,1.0,604
"Huang, Dayong",1,1515,,,,,1.0,604
"Huang, Huaxiong",1,1515,,,,,1.0,604
"Huang, Jennifer",2,634,,,,,2.0,206
"Huang, Kevin X.D.",2,634,,,,,1.0,604
"Huang, Lixin",1,1515,,,,,1.0,604
"Huang, Rocco",0,2380,,,,,1.0,604
"Huberman, Gur",3,268,,,,,2.0,206
"Hudson, Robert S.",1,1515,,,,,1.0,604
"Hueng, C. James",2,634,,,,,1.0,604
"Hugonnier, Julien",2,634,,,,,1.0,604
"Huh, Sahnwook",2,634,,,,,1.0,604
"Huij, Joop",2,634,,,,,2.0,206
"Huizinga, Harry P.",2,634,0.0,60,0.03908335751658885,17,2.0,206
"Humphrey, David Burras",5,69,0.04649418822647169,26,1.2966143674272585e-05,99,2.0,206
"Humphrey, Jacquelyn E.",1,1515,,,,,1.0,604
"Hund, John E.",2,634,,,,,1.0,604
"Hunter, Delroy M.",2,634,,,,,1.0,604
"Hutson, Elaine",2,634,,,,,1.0,604
"Hvidkjaer, Soeren",0,2380,,,,,2.0,206
"Hwang, Chuan Yang",1,1515,,,,,1.0,604
"Hwang, Soosung",2,634,,,,,1.0,604
"Hyytinen, Ari",1,1515,,,,,1.0,604
"Hübner, Georges",3,268,,,,,1.0,604
"Hülsewig, Oliver",2,634,,,,,1.0,604
"Iacoviello, Matteo",0,2380,,,,,1.0,604
"Iannotta, Giuliano",2,634,,,,,1.0,604
"Ibragimov, Rustam",1,1515,,,,,1.0,604
"Ibáñez, Alfredo",0,2380,,,,,1.0,604
"Ikenberry, David L.",2,634,,,,,1.0,604
"Imai, Masami",1,1515,,,,,3.0,73
"Inderst, Roman",2,634,,,,,3.0,73
"Ingersoll, Jonathan E.",3,268,,,,,1.0,604
"Ingram, Matthew",1,1515,,,,,1.0,604
"Inoue, Kotaro",2,634,,,,,1.0,604
"Instefjord, Norvald",0,2380,,,,,1.0,604
"Ireland, Peter N.",1,1515,,,,,2.0,206
"Ironside, Brian",1,1515,,,,,1.0,604
"Irvine, Paul J.",2,634,,,,,1.0,604
"Iscoe, Ian",1,1515,,,,,1.0,604
"Islam, Saiyid S.",1,1515,,,,,1.0,604
"Ito, Takatoshi",1,1515,,,,,1.0,604
"Ivković, Zoran",3,268,,,,,2.0,206
"Jackson, William E.",1,1515,,,,,1.0,604
"Jacobs, Kris",3,268,,,,,1.0,604
"Jacobsen, Ben",3,268,,,,,2.0,206
"Jacobson, Tor",3,268,,,,,2.0,206
"Jacoby, Gady",1,1515,,,,,1.0,604
"Jacoby, Ulrich",2,634,,,,,1.0,604
"Jaffe, Adam B.",2,634,,,,,1.0,604
"Jagannathan, Ravi",1,1515,,,,,1.0,604
"Jaimovich, Nir",1,1515,,,,,1.0,604
"Jain, Pankaj K.",3,268,,,,,1.0,604
"James, Christopher M.",2,634,,,,,3.0,73
"James, Kevin R.",1,1515,,,,,1.0,604
"Jang, Bonggyu",5,69,,,,,2.0,206
"Jankowitsch, Rainer",4,136,,,,,2.0,206
"Jansen, Ivo Ph",3,268,,,,,1.0,604
"Jarrow, Robert A.",5,69,,,,,3.0,73
"Jazbec, Boštjan",2,634,,,,,1.0,604
"Jašić, Teo",3,268,,,,,1.0,604
"Jegadeesh, Narasimhan",2,634,,,,,1.0,604
"Jenkinson, Tim J.",2,634,,,,,1.0,604
"Jennings, Robert H.",4,136,,,,,2.0,206
"Jenter, Dirk",1,1515,,,,,1.0,604
"Jerez, Belén",1,1515,,,,,1.0,604
"Jermakyan, Martin",1,1515,,,,,1.0,604
"Jeske, Karsten",1,1515,,,,,1.0,604
"Jia, Jingyijane",1,1515,,,,,1.0,604
"Jiang, Christine X.",3,268,,,,,1.0,604
"Jiang, George J.",2,634,,,,,1.0,604
"Jiang, Jing",2,634,,,,,1.0,604
"Jiang, Wei",6,35,,,,,5.0,17
"Jiang, Xiaoquan",1,1515,,,,,1.0,604
"Jiangli, Wenying",2,634,,,,,1.0,604
"Jiltsov, Alexei",1,1515,,,,,2.0,206
"Jiménez, Gabriel",2,634,,,,,1.0,604
"Jin, Li",3,268,,,,,3.0,73
"Jin, Yanbo",1,1515,,,,,1.0,604
"Jiraporn, Pornsit",3,268,,,,,1.0,604
"Jo, Hoje",1,1515,,,,,1.0,604
"Jobst, Norbert J.",2,634,,,,,1.0,604
"Johan, Sofia Atiqah Binti",1,1515,,,,,1.0,604
"Johannes, Michael S.",3,268,,,,,2.0,206
"John, Kose",4,136,,,,,2.0,206
"Johnson, Shane A.",2,634,,,,,1.0,604
"Johnson, Simon",3,268,,,,,1.0,604
"Johnson, Timothy C.",1,1515,0.0,60,1.4092981628709096e-05,98,3.0,73
"Jokipii, Terhi",1,1515,,,,,1.0,604
"Jones, Charles M.",2,634,,,,,1.0,604
"Jones, Christopher S.",2,634,,,,,1.0,604
"Jones, Douglas H.",2,634,,,,,1.0,604
"Jordan, Bradford D.",2,634,,,,,1.0,604
"Jordan, John S.",3,268,,,,,1.0,604
"Jordan, Thomas J.",2,634,,,,,1.0,604
"Jorge, José",1,1515,,,,,1.0,604
"Jorion, Philippe",2,634,,,,,2.0,206
"Jostarndt, Philipp",1,1515,,,,,1.0,604
"Jostova, Gergana",3,268,,,,,1.0,604
"Ju, Nengjiu",5,69,,,,,2.0,206
"Juh, Steve",1,1515,,,,,1.0,604
"Julliard, Christian",1,1515,,,,,1.0,604
"Junker, Markus",2,634,,,,,1.0,604
"Junttila, Juha",4,136,,,,,1.0,604
"Jurek, Jakub W.",2,634,,,,,1.0,604
"Jørgensen, Peter Løchte",0,2380,,,,,1.0,604
"Kabir, Rezaul",2,634,,,,,1.0,604
"Kackmeister, Alan",0,2380,,,,,1.0,604
"Kacperczyk, Marcin",3,268,,,,,2.0,206
"Kadam, Ashay",1,1515,,,,,1.0,604
"Kadan, Ohad",1,1515,,,,,2.0,206
"Kadapakkam, Palani Rajan",1,1515,,,,,1.0,604
"Kadiyala, Padma",3,268,,,,,1.0,604
"Kaeck, Andreas",1,1515,,,,,1.0,604
"Kakkar, Vikas",2,634,,,,,1.0,604
"Kalay, Avner",2,634,,,,,1.0,604
"Kalcheva, Ivalina",1,1515,,,,,1.0,604
"Kale, Jayant R.",1,1515,,,,,1.0,604
"Kalev, Petko S.",3,268,,,,,2.0,206
"Kallio, Markku",1,1515,,,,,1.0,604
"Kallunki, Juha Pekka",4,136,,,,,1.0,604
"Kalotay, Egon A.",2,634,,,,,1.0,604
"Kamara, Avraham",2,634,,,,,1.0,604
"Kan, Ozgur B.",1,1515,,,,,1.0,604
"Kanas, Angelos",0,2380,,,,,2.0,206
"Kandel, Eugene",3,268,,,,,1.0,604
"Kane, Edward J.",4,136,0.11198600174978127,15,0.08747726421037162,7,2.0,206
"Kang, Jun Koo",4,136,,,,,4.0,34
"Kaniel, Ron",6,35,,,,,4.0,34
"Kaniovski, Yuri M.",1,1515,,,,,1.0,604
"Kapadia, Nikunj",3,268,,,,,1.0,604
"Kapadia, Nishad",1,1515,,,,,1.0,604
"Kaplan, Steven N.",2,634,,,,,1.0,604
"Kaplanski, Guy",1,1515,,,,,1.0,604
"Karbhari, Yusuf",2,634,,,,,1.0,604
"Karceski, Jason",1,1515,,,,,2.0,206
"Karlsson, Anders",1,1515,,,,,1.0,604
"Karolyi, G. Andrew",6,35,,,,,3.0,73
"Karpoff, Jonathan M.",5,69,,,,,2.0,206
"Kato, Hideaki Kiyoshi",2,634,,,,,1.0,604
"Kauko, Karlo",0,2380,,,,,1.0,604
"Kaustia, Markku",1,1515,,,,,1.0,604
"Kayhan, Ayla",1,1515,,,,,1.0,604
"Kazmi, S. H K",2,634,,,,,1.0,604
"Ke, Meichu",2,634,,,,,1.0,604
"Kearney, Colm",2,634,,,,,1.0,604
"Keasey, Kevin",2,634,,,,,1.0,604
"Kecskés, Ambrus",1,1515,,,,,1.0,604
"Kedia, Simi",3,268,,,,,4.0,34
"Keehong Bae, Kee",2,634,,,,,1.0,604
"Kehoe, Patrick J.",1,1515,,,,,1.0,604
"Kelley, Eric K.",1,1515,,,,,1.0,604
"Keloharju, Matti",2,634,,,,,1.0,604
"Kempf, Alexander",1,1515,,,,,1.0,604
"Kerins, Frank J.",2,634,,,,,1.0,604
"Kessler, Denis",0,2380,,,,,1.0,604
"Keswani, Aneel",3,268,,,,,2.0,206
"Keun Koo, Hyeng",3,268,,,,,1.0,604
"Khaliq, Abdul",3,268,,,,,2.0,206
"Khan, Hashmat",1,1515,,,,,1.0,604
"Khanna, Naveen",2,634,,,,,1.0,604
"Khanna, Tarun",2,634,,,,,1.0,604
"Kharoubi-Rakotomalala, Cécile",1,1515,,,,,1.0,604
"Khokher, Zeigham",2,634,,,,,1.0,604
"Khorana, Ajay",6,35,,,,,3.0,73
"Khoroshilov, Yuri",1,1515,,,,,1.0,604
"Khurana, Inder K.",2,634,,,,,1.0,604
"Khurshed, Arif",2,634,,,,,1.0,604
"Kibzun, Andrey I.",1,1515,,,,,1.0,604
"Kieschnick, Robert L.",2,634,,,,,1.0,604
"Kiesel, Rüdiger",2,634,,,,,1.0,604
"Kiley, Michael T.",0,2380,,,,,1.0,604
"Kilian, Lutz",1,1515,,,,,2.0,206
"Kim, Chang Jin",2,634,,,,,1.0,604
"Kim, Dongheon",2,634,,,,,1.0,604
"Kim, E. Han",1,1515,,,,,1.0,604
"Kim, Hwagyun",1,1515,,,,,1.0,604
"Kim, Jaebeom",2,634,,,,,1.0,604
"Kim, Jinmo",1,1515,,,,,1.0,604
"Kim, JongHun",1,1515,,,,,1.0,604
"Kim, Joonghyuk",3,268,,,,,1.0,604
"Kim, Jung Wook",3,268,,,,,1.0,604
"Kim, Miae",2,634,,,,,1.0,604
"Kim, Soyoung",1,1515,,,,,1.0,604
"Kim, Suk-Joong",3,268,,,,,2.0,206
"Kim, Woojin",1,1515,,,,,1.0,604
"Kim, Yongtae",2,634,,,,,2.0,206
"Kim, Young Shin",3,268,,,,,1.0,604
"Kim, Youngsang",2,634,,,,,1.0,604
"Kim, Youngsoo",1,1515,,,,,1.0,604
"Kim, Yungsan",3,268,,,,,1.0,604
"Kimmel, Robert L.",3,268,,,,,2.0,206
"Kind, Axel H.",1,1515,,,,,1.0,604
"King, Michael R.",1,1515,,,,,1.0,604
"King, Robert G.",2,634,,,,,1.0,604
"King, Tao Hsien Dolly",2,634,,,,,2.0,206
"King, Thomas",0,2380,,,,,1.0,604
"Kirby, Chris",2,634,,,,,1.0,604
"Kirsanova, Tatiana",3,268,,,,,1.0,604
"Kirsch, David A.",2,634,,,,,1.0,604
"Kiser, K. Elizabeth",2,634,,,,,1.0,604
"Kisgen, Darren J.",2,634,,,,,2.0,206
"Kish, Andrew A.",2,634,0.0,60,2.1960253205024525e-06,109,1.0,604
"Kishan, Ruby Pandey",1,1515,,,,,1.0,604
"Klaassen, Pieter",1,1515,,,,,1.0,604
"Klapper, Leora F.",7,24,0.5607840686580845,1,0.05106866469301041,14,4.0,34
"Klasa, Sandy",2,634,,,,,1.0,604
"Kleimeier, Stefanie",1,1515,,,,,1.0,604
"Kletzer, Kenneth M.",2,634,,,,,1.0,604
"Kliger, Doron",1,1515,,,,,1.0,604
"Klingebiel, Daniela",2,634,0.0,60,0.03504918944181115,20,1.0,604
"Klumpes, Paul J.M.",4,136,,,,,1.0,604
"Knapp, Morris",2,634,,,,,1.0,604
"Knopf, John D.",2,634,,,,,1.0,604
"Knüpfer, Samuli",3,268,,,,,2.0,206
"Ko, K. Jeremy",1,1515,,,,,1.0,604
"Kocherlakota, Narayana R.",1,1515,,,,,1.0,604
"Koedijk, Kees G.",4,136,,,,,3.0,73
"Koetter, Michael",5,69,,,,,1.0,604
"Kogan, Leonid",3,268,,,,,1.0,604
"Kohli, Ulrich R.",2,634,,,,,1.0,604
"Koijen, Ralph Sj",2,634,,,,,1.0,604
"Kolari, James W.",9,10,,,,,3.0,73
"Kole, Erik",2,634,,,,,2.0,206
"Kondor, Imre",2,634,,,,,1.0,604
"Kongsted, Hans Christian",2,634,,,,,1.0,604
"Konieczny, Jerzy D.",1,1515,,,,,1.0,604
"Konstantinidi, Eirini",2,634,,,,,1.0,604
"Kool, Clemens J.M.",5,69,,,,,2.0,206
"Koop, Gary M.",2,634,,,,,1.0,604
"Kopecky, Kenneth J.",1,1515,,,,,1.0,604
"Korajczyk, Robert A.",1,1515,,,,,1.0,604
"Korenok, Oleg",1,1515,,,,,1.0,604
"Korniotis, George M.",0,2380,,,,,1.0,604
"Kosowski, Robert",2,634,,,,,1.0,604
"Kothari, SP P.",2,634,,,,,1.0,604
"Kotomin, Vladimir",2,634,,,,,1.0,604
"Kouwenberg, Roy",1,1515,,,,,1.0,604
"Kovner, Anna",3,268,,,,,1.0,604
"Koëter-Kant, Johanna",2,634,,,,,1.0,604
"Kraft, Holger",1,1515,,,,,1.0,604
"Kraus, Alan",1,1515,,,,,1.0,604
"Kreinin, Alexander Y.",1,1515,,,,,1.0,604
"Kremer, Ilan",2,634,,,,,2.0,206
"Krink, Thiemo",2,634,,,,,1.0,604
"Krishnamurthy, Arvind",3,268,,,,,2.0,206
"Krishnan, C. N.V.",2,634,,,,,1.0,604
"Krishnaswami, Sudha",3,268,,,,,2.0,206
"Kroszner, Randall S.",2,634,0.0,60,0.03504918944181115,20,1.0,604
"Kryzanowski, Lawrence",1,1515,,,,,1.0,604
"Kubik, Jeffrey D.",2,634,,,,,1.0,604
"Kudryavtsev, Andrey",1,1515,,,,,1.0,604
"Kumagai, Tomomi",2,634,,,,,1.0,604
"Kumar, Alok",1,1515,,,,,1.0,604
"Kumar, Manmohan S.",1,1515,,,,,1.0,604
"Kumar, P. C.",4,136,,,,,2.0,206
"Kurov, Alexander A.",3,268,,,,,2.0,206
"Kutsoati, Edward",2,634,0.0,60,1.952382803391486e-06,112,1.0,604
"Kutsuna, Kenji",3,268,,,,,2.0,206
"Kuznetsov, Evgeniy A.",1,1515,,,,,1.0,604
"Kwan, Simon H.",0,2380,,,,,1.0,604
"Kwok, Chuck C.Y.",1,1515,,,,,1.0,604
"Kóczy, László Á",2,634,,,,,1.0,604
"Köppl, Thorsten V.",1,1515,,,,,1.0,604
"LIN, JI CHAI",4,136,,,,,2.0,206
"La Porta, Rafael",3,268,,,,,2.0,206
"Labégorre, Florence",1,1515,,,,,1.0,604
"Laeven, Luc",16,2,0.3610069574636502,4,0.33955989211232757,4,11.0,1
"Laforte, Jean Philippe",0,2380,,,,,1.0,604
"Lahrèche-Révil, Amina",2,634,,,,,1.0,604
"Lai, Ching-Chong",3,268,,,,,1.0,604
"Lai, Sandy",3,268,,,,,2.0,206
"Lakonishok, Josef",3,268,,,,,1.0,604
"Lalancette, Simon",1,1515,,,,,1.0,604
"Lam, Herbert Y. T.",2,634,,,,,1.0,604
"Lambrecht, Bart M.",1,1515,,,,,2.0,206
"Lamont, Owen A.",1,1515,,,,,1.0,604
"Lamoreaux, Naomi R.",3,268,,,,,1.0,604
"Lancaster, Carol J.",2,634,,,,,1.0,604
"Lando, David",1,1515,,,,,1.0,604
"Landschoot, Astrid Van",0,2380,,,,,1.0,604
"Landskroner, Yoram",1,1515,,,,,1.0,604
"Lang, Larry",3,268,,,,,1.0,604
"Lang, William W.",4,136,0.1327334083239595,12,0.0002012127268266434,70,2.0,206
"Langberg, Nisan S.",0,2380,,,,,1.0,604
"Lanne, Markku",1,1515,,,,,1.0,604
"Larcker, David F.",2,634,,,,,1.0,604
"Larkin, Patrick J.",2,634,,,,,1.0,604
"Larrain, Borja",1,1515,,,,,2.0,206
"Lasser, Dennis J.",2,634,,,,,1.0,604
"Lastrapes, William D.",0,2380,,,,,1.0,604
"Laurent, Jean Paul",2,634,,,,,1.0,604
"Laux, Paul A.",1,1515,,,,,1.0,604
"Lazrak, Ali",3,268,,,,,1.0,604
"Le Fol, Gaëlle",2,634,,,,,1.0,604
"Lee, BongSoo",3,268,,,,,3.0,73
"Lee, Chien-Chiang",1,1515,,,,,1.0,604
"Lee, D. Scott",2,634,,,,,1.0,604
"Lee, Hoseok",2,634,,,,,1.0,604
"Lee, Inmoo",5,69,,,,,2.0,206
"Lee, Sunglyong",2,634,,,,,1.0,604
"Lee, Suzanne",1,1515,,,,,1.0,604
"Lee, Yitsung",4,136,,,,,2.0,206
"Leeper, Eric M.",2,634,,,,,1.0,604
"Lehavy, Reuven",2,634,,,,,1.0,604
"Lehn, Kenneth M.",1,1515,,,,,1.0,604
"Leippold, Markus",5,69,,,,,4.0,34
"Leite, Tore E.",0,2380,,,,,1.0,604
"Leitemo, Kai",1,1515,,,,,1.0,604
"Lel, Uǧur",1,1515,,,,,1.0,604
"Leland, Hayne E.",2,634,,,,,2.0,206
"Lemmon, Michael L.",10,4,,,,,6.0,11
"Lenk, Peter J.",1,1515,,,,,1.0,604
"Lensink, Robert",2,634,,,,,1.0,604
"Lepetit, Lætitia",3,268,,,,,2.0,206
"Lepone, Andrew",2,634,,,,,1.0,604
"Lerner, Josh",5,69,,,,,3.0,73
"Lesmond, David A.",2,634,0.0,60,2.539504833677133e-07,122,1.0,604
"Lettau, Martin",3,268,,,,,3.0,73
"Leuz, Christian",1,1515,,,,,1.0,604
"Levchenko, Andrei A.",1,1515,,,,,1.0,604
"Levchenkov, Dmitriy",2,634,,,,,1.0,604
"Levina, Irina",1,1515,,,,,1.0,604
"Levine, Ross L.",6,35,0.04674415698037745,24,0.35214404769534935,3,7.0,7
"Levy Yeyati, Eduardo",2,634,,,,,2.0,206
"Levy, Amnon",2,634,,,,,1.0,604
"Levy, Haim K.",5,69,,,,,3.0,73
"Lewellen, Jonathan",3,268,,,,,2.0,206
"Lewellen, Katharina A.",0,2380,,,,,2.0,206
"Lewis, Christopher M.",2,634,,,,,1.0,604
"Lewis, Danielle",1,1515,,,,,1.0,604
"Lewis, Melissa F.",3,268,,,,,1.0,604
"León, Ángel",2,634,,,,,1.0,604
"Li, Bingguang",3,268,,,,,1.0,604
"Li, C. Wei",2,634,,,,,3.0,73
"Li, Donghui",3,268,,,,,1.0,604
"Li, George",0,2380,,,,,1.0,604
"Li, Haitao",4,136,,,,,3.0,73
"Li, Joanne",2,634,,,,,1.0,604
"Li, Kai",2,634,,,,,2.0,206
"Li, Mingsheng",2,634,,,,,1.0,604
"Li, Oliver Zhen",1,1515,,,,,1.0,604
"Li, Si",2,634,,,,,1.0,604
"Li, Wenli",1,1515,,,,,1.0,604
"Li, Xiafei",3,268,,,,,1.0,604
"Li, Xiaoming",1,1515,,,,,1.0,604
"Li, Yang",1,1515,,,,,1.0,604
"Li, Yuying",3,268,,,,,2.0,206
"Li, Zhi",3,268,,,,,1.0,604
"Liang, Bing",5,69,,,,,2.0,206
"Liang, Nellie",2,634,,,,,1.0,604
"Liao, Tsailing",2,634,,,,,1.0,604
"Liao, Tung Liang",2,634,,,,,1.0,604
"Lie, Erik",2,634,,,,,2.0,206
"Liebig, Thilo",3,268,,,,,1.0,604
"Lien, Da Hsiang Donald",1,1515,,,,,1.0,604
"Lilian Ng, Lilian",1,1515,,,,,1.0,604
"Lin, Chenmiao",2,634,,,,,1.0,604
"Lin, J. Barry",2,634,,,,,1.0,604
"Lin, Yuehhsiang",3,268,,,,,1.0,604
"Linck, James S.",4,136,,,,,2.0,206
"Lindblom, Ted",3,268,0.0,60,1.6254999051193634e-06,114,1.0,604
"Lindsey, Laura A.",2,634,,,,,2.0,206
"Lindé, Jesper",3,268,,,,,2.0,206
"Linnemann, Ludger",0,2380,,,,,1.0,604
"Lins, Karl V.",1,1515,,,,,1.0,604
"Linzert, Tobias",2,634,,,,,1.0,604
"Lipponer, Alexander",1,1515,,,,,1.0,604
"Lipson, Marc L.",2,634,,,,,1.0,604
"List, John A.",2,634,,,,,1.0,604
"Litov, Lubomir P.",2,634,,,,,1.0,604
"Liu, Chunlin",3,268,,,,,2.0,206
"Liu, Hong",5,69,,,,,3.0,73
"Liu, Jun",1,1515,,,,,2.0,206
"Liu, Lauraxiaolei",1,1515,0.0,60,2.3509503348659183e-07,124,1.0,604
"Liu, Minghua",5,69,,,,,3.0,73
"Liu, Sheen X.",3,268,,,,,1.0,604
"Liu, Wei Lin",1,1515,,,,,2.0,206
"Liu, Weimin",1,1515,,,,,1.0,604
"Liu, Xiaoquan",3,268,,,,,1.0,604
"Liu, Yi",2,634,,,,,1.0,604
"Liu, Yujane",4,136,,,,,2.0,206
"Livingston, Miles",3,268,,,,,2.0,206
"Ljungqvist, Alexander P.",9,10,,,,,4.0,34
"Llosa, Luis Gonzalo",1,1515,,,,,1.0,604
"Lo, Andrew",1,1515,,,,,1.0,604
"Lo, Kenghsin",2,634,,,,,1.0,604
"Loayza, Norman V.",1,1515,,,,,1.0,604
"Lobo, Miguel Sousa",2,634,,,,,1.0,604
"Locke, Peter R.",1,1515,,,,,1.0,604
"Loewenstein, Mark A.",5,69,,,,,3.0,73
"Loh, Roger K.",1,1515,,,,,1.0,604
"Lommatzsch, Kirsten",2,634,,,,,1.0,604
"Long, Michaelstuart",1,1515,,,,,1.0,604
"Longstaff, Francis A.",7,24,,,,,4.0,34
"Lopes, Paula",0,2380,,,,,1.0,604
"Lopez, Jose A.",1,1515,,,,,1.0,604
"Los, Cornelis A.",0,2380,,,,,1.0,604
"Lou, Xiaoxia",2,634,,,,,1.0,604
"Louis, Henock",3,268,,,,,2.0,206
"Love, Inessa",4,136,0.03940757405324331,29,0.08624882799509742,8,2.0,206
"Lown, Cara S.",1,1515,,,,,1.0,604
"Lowry, Michelle",1,1515,,,,,1.0,604
"Lu, Yang",4,136,,,,,2.0,206
"Luca, Alina C.",1,1515,,,,,1.0,604
"Lucas, André",1,1515,,,,,1.0,604
"Ludvigson, Sydney C.",3,268,,,,,2.0,206
"Lundblad, Christian T.",3,268,,,,,3.0,73
"Lundstrum, Leonard L.",1,1515,,,,,1.0,604
"Luo, Jiang",2,634,,,,,1.0,604
"Lustig, Hanno N.",1,1515,,,,,1.0,604
"Lyandres, Evgeny",2,634,0.0,60,2.618396133324619e-07,118,2.0,206
"Lynch, Margaret",2,634,,,,,1.0,604
"Lyons, Richard K.",1,1515,,,,,1.0,604
"Lyrio, Marco",1,1515,,,,,1.0,604
"Léon–Ledesma, Miguel A.",1,1515,,,,,1.0,604
"López Del Paso, Rafael",2,634,0.0,60,1.2509736201338773e-05,100,1.0,604
"López-Salido, J. David",4,136,,,,,2.0,206
"López-de-Silanes, Florencio",3,268,,,,,2.0,206
"Lóránth, Gyöngyi",2,634,,,,,1.0,604
"Lønning, Ingunn",1,1515,,,,,1.0,604
"Lütkepohl, Helmut",1,1515,,,,,1.0,604
"Maat, Benjamin",2,634,,,,,1.0,604
"MacKay, Peter I.",1,1515,,,,,1.0,604
"MacLean, Leonard C.",3,268,,,,,2.0,206
"Macskassy, Sofus Attila",2,634,,,,,1.0,604
"Madura, Jeff",2,634,,,,,1.0,604
"Madureira, Leonardo L.",1,1515,,,,,1.0,604
"Maechler, Andrea M.",1,1515,,,,,1.0,604
"Maenhout, Pascal J.",3,268,0.0,60,0.008814559701470484,39,2.0,206
"Magendzo, Igal Igal",1,1515,,,,,1.0,604
"Mahajan, Arvind",1,1515,,,,,1.0,604
"Mahani, Reza S.",1,1515,0.0,60,1.924895383877922e-07,126,1.0,604
"Mahanti, Sriketan",4,136,,,,,1.0,604
"Mahrt-Smith, Jan",1,1515,,,,,2.0,206
"Maksimovic, Vojislav",5,69,0.016185476815398073,39,0.32707853138286813,5,5.0,17
"Maliar, Lilia",1,1515,,,,,1.0,604
"Maliar, Serguei",1,1515,,,,,1.0,604
"Malkamäki, Markku J.",2,634,,,,,1.0,604
"Malliaris, Anastasios G.Tassos",1,1515,,,,,1.0,604
"Malliaris, Mary E.",1,1515,,,,,1.0,604
"Mallik, Gaurav",4,136,,,,,1.0,604
"Malloy, Christopher J.",2,634,,,,,1.0,604
"Malmendier, Ulrike",3,268,,,,,3.0,73
"Mamaysky, Harry",2,634,,,,,1.0,604
"Mancini, Loriano",2,634,,,,,1.0,604
"Manganelli, Simone",1,1515,,,,,2.0,206
"Mann, Steven V.",1,1515,,,,,1.0,604
"Mansi, Sattar A.",2,634,,,,,1.0,604
"Mansini, Renata",2,634,,,,,1.0,604
"Mansur, Iqbal",2,634,,,,,1.0,604
"Mantecon, Tomas P.",3,268,,,,,3.0,73
"Mao, Connie X.",2,634,,,,,1.0,604
"Marcellino, Massimiliano",1,1515,,,,,1.0,604
"Marchetti, Domenico J.",1,1515,,,,,1.0,604
"Marco Pagano, Marco",4,136,,,,,2.0,206
"Marcus, Alan J.",3,268,0.0,60,0.00014550661624576915,79,2.0,206
"Marena, Marina",2,634,,,,,1.0,604
"Margaritis, Dimitris",2,634,,,,,1.0,604
"Mark, Nelson C.",2,634,,,,,1.0,604
"Markwardt, Gunther",1,1515,,,,,1.0,604
"Marosi, András",1,1515,0.0,60,1.0093159271658142e-05,101,1.0,604
"Marquering, Wessel A.",2,634,,,,,2.0,206
"Marques, Luis B.",2,634,,,,,1.0,604
"Marquez, Robert",2,634,0.03124609423822022,32,0.0022392216126814342,50,2.0,206
"Marshall, Ben R.",4,136,,,,,2.0,206
"Marston, Felicia C.",5,69,,,,,2.0,206
"Martel, Frederic",2,634,,,,,1.0,604
"Martellini, Lionel",3,268,,,,,1.0,604
"Martin, Anna D.",2,634,,,,,3.0,73
"Martin, Antoine",3,268,,,,,3.0,73
"Martin, Gerald S.",2,634,,,,,1.0,604
"Martin, Xiumin",2,634,,,,,1.0,604
"Martinez, Valeria",1,1515,,,,,1.0,604
"Martynova, Marina",1,1515,,,,,1.0,604
"Martín-Oliver, Alfredo",2,634,,,,,2.0,206
"Martínez Pería, María Soledad",8,14,0.18563721201516475,9,0.11273736028992647,6,4.0,34
"Martínez-Rodríguez, Julia",1,1515,,,,,1.0,604
"Marín, José María",2,634,,,,,2.0,206
"Massa, Massimo",9,10,,,,,7.0,7
"Massoud, Nadia",5,69,0.015935508061492312,40,0.00010448146987418701,84,2.0,206
"Masten, Igor",2,634,,,,,1.0,604
"Masulis, Ronald W.",4,136,,,,,2.0,206
"Mateut, Simona",1,1515,,,,,1.0,604
"Matheron, Julien",1,1515,,,,,1.0,604
"Mathews, Richmond D.",1,1515,,,,,3.0,73
"Matos, Pedro Verga",3,268,,,,,2.0,206
"Mattesini, Fabrizio",1,1515,,,,,1.0,604
"Matthews, Kent G.P.",4,136,,,,,2.0,206
"Matvos, Gregor",1,1515,,,,,1.0,604
"Maudos, Joaquín",1,1515,,,,,1.0,604
"Mauer, David C.",2,634,,,,,1.0,604
"Maug, Ernst",1,1515,,,,,1.0,604
"Mauro, Paolo",1,1515,,,,,1.0,604
"Maxwell, William F.",6,35,,,,,3.0,73
"Maydew, Edward L.",3,268,,,,,1.0,604
"Mayer, Eric",2,634,,,,,1.0,604
"Mazumdar, Sumon C.",3,268,,,,,1.0,604
"Mazzotta, Stefano",0,2380,,,,,1.0,604
"McAndrew, Clare",1,1515,,,,,1.0,604
"McBrady, Matthew R.",1,1515,,,,,1.0,604
"McCarthy, Jonathan",1,1515,,,,,1.0,604
"McConnell, John J.",6,35,,,,,3.0,73
"McCormick, D. Timothy",2,634,,,,,1.0,604
"McCracken, Michael W.",1,1515,,,,,1.0,604
"McCullough, Bruce D.",2,634,,,,,1.0,604
"McDermott, John B.",2,634,,,,,1.0,604
"McDill, Kathleen Marie",1,1515,,,,,1.0,604
"McGeary, Kerry Anne",2,634,,,,,1.0,604
"McGough, Bruce",1,1515,,,,,1.0,604
"McKenzie, Colin R.",1,1515,,,,,1.0,604
"McKenzie, Michael D.",1,1515,,,,,1.0,604
"McKillop, Donal G.",2,634,,,,,1.0,604
"McLiesh, Caralee",2,634,,,,,1.0,604
"McMillan, David G.",0,2380,,,,,1.0,604
"McNally, William J.",1,1515,,,,,1.0,604
"McNulty, James E.",1,1515,,,,,1.0,604
"McNutt, Jamie John",2,634,4.1661458984293626e-05,58,3.7311975127634946e-05,89,1.0,604
"Medova, Elena A.",2,634,,,,,1.0,604
"Medvedev, Alexey",1,1515,,,,,1.0,604
"Meesters, Aljar",2,634,,,,,1.0,604
"Megginson, William Leon Bill",1,1515,,,,,1.0,604
"Mehran, Hamid",1,1515,,,,,1.0,604
"Mei, Jianping P.",3,268,0.03124609423822022,32,0.00086146116485801,60,2.0,206
"Meier, André",2,634,,,,,2.0,206
"Meissner, Christopher M.",1,1515,,,,,1.0,604
"Mele, Antonio",0,2380,,,,,1.0,604
"Meligkotsidou, Loukia",1,1515,,,,,1.0,604
"Mella-Barral, Pierre",1,1515,,,,,1.0,604
"Mello, António S.",1,1515,,,,,1.0,604
"Melnik, Arie L.",1,1515,,,,,1.0,604
"Melvin, Michael T.",1,1515,,,,,1.0,604
"Menkhoff, Lukas",2,634,,,,,1.0,604
"Menkveld, Albert J.",3,268,,,,,3.0,73
"Menn, Christian",3,268,,,,,1.0,604
"Mercieca, Steve",2,634,,,,,1.0,604
"Merrick, John J.",2,634,,,,,1.0,604
"Merrill, Craig B.",2,634,,,,,1.0,604
"Merton, Robert C.",2,634,,,,,1.0,604
"Mester, Loretta J.",6,35,0.07699037620297462,19,2.1658567246890378e-05,92,3.0,73
"Meucci, Attilio",1,1515,,,,,1.0,604
"Meza, Felipe",0,2380,,,,,1.0,604
"Mian, Atif R.",0,2380,,,,,1.0,604
"Mian, G. Mujtaba",1,1515,,,,,1.0,604
"Miao, Jianjun",3,268,,,,,2.0,206
"Micco, Alejandro",3,268,,,,,2.0,206
"Michaelides, Alexander",1,1515,,,,,1.0,604
"Michaely, Roni",3,268,,,,,1.0,604
"Miffre, Joëlle",4,136,,,,,2.0,206
"Mihov, Ilian",3,268,,,,,2.0,206
"Milbourn, Todd T.",3,268,,,,,2.0,206
"Milesi-Ferretti, Gian Maria",1,1515,,,,,1.0,604
"Milevsky, Moshe A.",1,1515,,,,,1.0,604
"Miller, Darius P.",3,268,,,,,2.0,206
"Miller, David A.",2,634,,,,,1.0,604
"Miller, Robert A.",3,268,,,,,1.0,604
"Milne, Alistair",1,1515,,,,,2.0,206
"Minenna, Marcello",1,1515,,,,,1.0,604
"Minetti, Raoul",2,634,,,,,2.0,206
"Miniane, Jacques",1,1515,,,,,1.0,604
"Minton, Bernadette A.",2,634,,,,,1.0,604
"Mishkin, Frederic S.",1,1515,,,,,2.0,206
"Mitchell, Heather",1,1515,,,,,1.0,604
"Mitchell, Janet",1,1515,,,,,1.0,604
"Mitchener, Kris James",1,1515,,,,,1.0,604
"Mitra, Gautam",2,634,,,,,1.0,604
"Mitra, Kaushik",1,1515,,,,,1.0,604
"Mitton, Todd",1,1515,,,,,2.0,206
"Miyajima, Hideaki",1,1515,,,,,1.0,604
"Mizen, Paul",2,634,,,,,1.0,604
"Mizrach, Bruce",1,1515,,,,,1.0,604
"Mo, Hengyong",2,634,,,,,1.0,604
"Mody, Ashoka",2,634,,,,,1.0,604
"Moeller, Sara B.",3,268,,,,,2.0,206
"Moinas, Sophie",2,634,,,,,1.0,604
"Moller, Nicholas",1,1515,,,,,1.0,604
"Molyneux, Philip M.",3,268,,,,,1.0,604
"Monacelli, Tommaso",1,1515,,,,,1.0,604
"Mongelli, Francesco Paolo",2,634,,,,,1.0,604
"Monnet, Cyril",1,1515,,,,,1.0,604
"Monroe, Gary S.",3,268,,,,,1.0,604
"Moore, Lyndon",1,1515,,,,,1.0,604
"Moore, William T.",2,634,,,,,1.0,604
"Mora, Nada",0,2380,,,,,2.0,206
"Morck, Randall K.",4,136,,,,,2.0,206
"Morellec, Erwan",3,268,,,,,3.0,73
"Moreno, Antonio",1,1515,,,,,1.0,604
"Moretto, Michele",1,1515,,,,,1.0,604
"Morgan, Donald P.",1,1515,,,,,1.0,604
"Moriggia, Vittorio",4,136,,,,,1.0,604
"Moriyama, Kenji",1,1515,,,,,1.0,604
"Morley, James C.",0,2380,,,,,1.0,604
"Morris, Stephen A.",2,634,,,,,1.0,604
"Morrison, Alan D.",4,136,,,,,3.0,73
"Morton, David P.",2,634,,,,,1.0,604
"Moshirian, Fariborz",7,24,,,,,9.0,3
"Moskowitz, Tobias J.",1,1515,,,,,1.0,604
"Mozumdar, Abon",2,634,,,,,2.0,206
"Mulherin, J. Harold",1,1515,,,,,3.0,73
"Mulvey, John M.",1,1515,,,,,1.0,604
"Munk, Claus",1,1515,,,,,1.0,604
"Murinde, Victor",2,634,,,,,1.0,604
"Murphy, Austin",1,1515,,,,,1.0,604
"Murphy, Kevin J.",1,1515,,,,,1.0,604
"Musto, David K.",3,268,,,,,1.0,604
"Myers, Stewart C.",2,634,,,,,3.0,73
"Mykland, Per Aslak",1,1515,,,,,1.0,604
"Mählmann, Thomas",0,2380,,,,,2.0,206
"Müller, Gerhard J.",2,634,,,,,2.0,206
"Müller, Holger M.",2,634,,,,,3.0,73
"Münnich, Felix",2,634,,,,,1.0,604
"Naaborg, Ilko",2,634,,,,,1.0,604
"Nabar, Sandeep",1,1515,,,,,1.0,604
"Nagar, Venky",2,634,,,,,1.0,604
"Nagel, Stefan",1,1515,,,,,1.0,604
"Nagy, Gábor",2,634,,,,,1.0,604
"Nahata, Rajarishi",0,2380,,,,,1.0,604
"Naik, Narayan Y.",5,69,,,,,2.0,206
"Nair, Vinay B.",2,634,0.0,60,0.0009320255055297482,58,1.0,604
"Naka, Atsuyuki",2,634,,,,,1.0,604
"Nakagawa, Ryuichi",1,1515,,,,,1.0,604
"Nakamura, Leonard I.",2,634,0.0,60,2.2365416009403428e-06,107,1.0,604
"Nanda, Vikram K.",2,634,,,,,1.0,604
"Naranjo, Andy",2,634,,,,,1.0,604
"Narayanan, M. P.",2,634,,,,,2.0,206
"Narayanan, Rajesh P.",4,136,0.04649418822647169,26,0.009226834083115655,34,2.0,206
"Nardari, Federico",2,634,,,,,1.0,604
"Nashikkar, Amrut",4,136,,,,,1.0,604
"Natalucci, Fabio M.",3,268,,,,,2.0,206
"Nautz, Dieter",2,634,,,,,1.0,604
"Navarro, Eliseo",2,634,,,,,1.0,604
"Nave, Juan M.",2,634,,,,,1.0,604
"Naveen, Lalitha",4,136,,,,,3.0,73
"Neely, Christopher J.",2,634,,,,,2.0,206
"Neto de Carvalho, Cristina",1,1515,,,,,1.0,604
"Netter, Jeffry M.",2,634,,,,,1.0,604
"Neuberger, Doris",2,634,,,,,1.0,604
"Neukirchen, Max",2,634,,,,,1.0,604
"Newton, David P.",3,268,,,,,1.0,604
"Nešlehová, Johanna G.",2,634,,,,,1.0,604
"Ng, Serena",1,1515,,,,,1.0,604
"Nguyen, Anh H.",2,634,,,,,1.0,604
"Nguyen, Thuy Thu",2,634,,,,,1.0,604
"Nguyen, Vanthuan",3,268,,,,,1.0,604
"Ni, Sophiexiaoyan",2,634,,,,,1.0,604
"Nicodano, Giovanna",3,268,,,,,1.0,604
"Nicodème, Gaëtan",2,634,0.0,60,0.03908335751658885,17,2.0,206
"Nicolae, Anamaria",1,1515,,,,,1.0,604
"Nicolaievsky, Daniel",1,1515,,,,,1.0,604
"Nicolò, Antonio",1,1515,,,,,1.0,604
"Nielsen, Kasper Meisner",2,634,,,,,1.0,604
"Niemann, Martin",2,634,,,,,1.0,604
"Nier, Erlend W.",1,1515,,,,,1.0,604
"Nieto, María J.",1,1515,,,,,1.0,604
"Nigro, Peter J.",2,634,0.0,60,0.00019715963468652691,72,1.0,604
"Nikitin, Maxim",2,634,,,,,2.0,206
"Nikolaou, Kleopatra",0,2380,,,,,1.0,604
"Nilsson, Roland",0,2380,,,,,1.0,604
"Nimalendran, Mahendrarajah",2,634,,,,,1.0,604
"Nini, Greg P.",1,1515,,,,,1.0,604
"Nissim, Doron",1,1515,,,,,1.0,604
"Nisticò, Salvatore",1,1515,,,,,1.0,604
"Niu, Jijun",0,2380,,,,,1.0,604
"Nocera, Giacomo",2,634,,,,,1.0,604
"Noe, Thomas H.",5,69,,,,,3.0,73
"Nogueira, Leonardo M.",1,1515,,,,,1.0,604
"Nolan, Charles",1,1515,,,,,1.0,604
"Nolle, Daniel E.",2,634,0.0,60,0.00019753910946785182,71,1.0,604
"Nomikos, Nikos K.",2,634,,,,,1.0,604
"Nordahl, Helge A.",1,1515,,,,,1.0,604
"Nordén, Lars L.",2,634,,,,,2.0,206
"Norli, Øyvind",2,634,,,,,1.0,604
"Normandin, Michel",1,1515,,,,,1.0,604
"Noussair, Charles N.",1,1515,,,,,1.0,604
"Novak, Serguei Yu",1,1515,,,,,1.0,604
"Novy-Marx, Robert",0,2380,,,,,1.0,604
"Nucci, Francesco",1,1515,,,,,1.0,604
"Nunziata, Luca",1,1515,,,,,1.0,604
"Nyborg, Kjell G.",1,1515,,,,,1.0,604
"Nys, Emmanuelle",3,268,,,,,2.0,206
"Nyström, Kaj",1,1515,,,,,1.0,604
"O'Brien, Christopher D.",4,136,,,,,1.0,604
"O'Connell, Paul G.J.",1,1515,,,,,1.0,604
"O'Hara, Maureen",0,2380,,,,,1.0,604
"O'Sullivan, Niall",3,268,,,,,1.0,604
"Oberholzer-Gee, Felix",1,1515,,,,,1.0,604
"Odders-White, Elizabeth R.",1,1515,,,,,2.0,206
"Odean, Terrance",1,1515,,,,,1.0,604
"Officer, Micah S.",3,268,,,,,2.0,206
"Ogaki, Masao",4,136,,,,,2.0,206
"Ogura, Yoshiaki",0,2380,,,,,1.0,604
"Oh, Natalie Y.",2,634,,,,,1.0,604
"Ohana, Steve",1,1515,,,,,1.0,604
"Ohta, Wataru",0,2380,,,,,1.0,604
"Okimoto, Tatsuyoshi",1,1515,,,,,1.0,604
"Oliner, Stephen D.",1,1515,,,,,1.0,604
"Olivier, Jacques P.",1,1515,,,,,1.0,604
"Onayev, Zhan",1,1515,,,,,1.0,604
"Ongena, Steven",1,1515,,,,,1.0,604
"Opiela, Timothy P.",1,1515,,,,,1.0,604
"Ornthanalai, Chayawat",3,268,,,,,1.0,604
"Ors, Evren",1,1515,,,,,1.0,604
"Ortobelli Lozza, Sergio",3,268,,,,,1.0,604
"Osborn, Denise R.",2,634,,,,,1.0,604
"Osobov, Igor",1,1515,,,,,1.0,604
"Ostdiek, Barbara",2,634,,,,,1.0,604
"Ostergaard, Charlotte",2,634,,,,,1.0,604
"Ostrovsky, Michael",1,1515,,,,,1.0,604
"Oswald, Dennis R.",1,1515,,,,,1.0,604
"Otchere, Isaac",1,1515,,,,,1.0,604
"Ottaviani, Marco",1,1515,,,,,1.0,604
"Ou, Ernest Y.",2,634,,,,,1.0,604
"Ou-Yang, Hui",2,634,,,,,1.0,604
"Ovtchinnikov, Alexei V.",2,634,,,,,1.0,604
"Oyer, Paul",1,1515,,,,,2.0,206
"Ozdenoren, Emre",1,1515,,,,,1.0,604
"Pacelli, Graziella",2,634,,,,,1.0,604
"Pafka, Szilárd",2,634,,,,,1.0,604
"Pagano, Michael S.",2,634,,,,,1.0,604
"Paiella, Monica",0,2380,,,,,1.0,604
"Pajarinen, Mika",1,1515,,,,,1.0,604
"Palia, Darius N.",3,268,,,,,2.0,206
"Palmon, Oded",3,268,,,,,1.0,604
"Pan, Jun",3,268,,,,,3.0,73
"Panageas, Stavros",1,1515,,,,,1.0,604
"Panayides, Marios A.",0,2380,,,,,1.0,604
"Panchapagesan, Venkatesh",2,634,,,,,1.0,604
"Panizza, Ugo",2,634,,,,,1.0,604
"Pantzalis, Christos",2,634,,,,,1.0,604
"Panunzi, Fausto",1,1515,,,,,1.0,604
"Paolella, Marc S.",1,1515,,,,,1.0,604
"Papageorgiou, Chris",1,1515,,,,,1.0,604
"Papanikolaou, Nikolaos I.",2,634,,,,,1.0,604
"Papell, David H.",1,1515,,,,,2.0,206
"Pappa, Evi",2,634,,,,,1.0,604
"Paravisini, Daniel",0,2380,,,,,1.0,604
"Parigi, Bruno M.",1,1515,,,,,1.0,604
"Park, Jungchul",2,634,,,,,1.0,604
"Park, Kang H.",1,1515,,,,,1.0,604
"Park, Sangkyun",1,1515,,,,,1.0,604
"Parlour, Christine A.",1,1515,,,,,1.0,604
"Partnoy, Frank",3,268,,,,,1.0,604
"Pasquariello, Paolo",1,1515,,,,,2.0,206
"PastÉn, Ernesto S.",2,634,,,,,1.0,604
"Patel, Ajay",3,268,,,,,1.0,604
"Paterlini, Sandra",2,634,,,,,1.0,604
"Patgiri, Rajdeep",2,634,,,,,1.0,604
"Paudyal, Krishna",2,634,,,,,1.0,604
"Pauline Shum, Pauline",1,1515,,,,,1.0,604
"Pavlova, Anna",3,268,,,,,3.0,73
"Paya, Ivan A.",1,1515,,,,,1.0,604
"Pearson, Neil D.",3,268,,,,,1.0,604
"Pedersen, Lasse Heje",2,634,,,,,1.0,604
"Peek, Joe",1,1515,,,,,1.0,604
"Peel, David A.",1,1515,,,,,1.0,604
"Peersman, Gert",1,1515,,,,,1.0,604
"Pelizzon, Loriana",2,634,,,,,2.0,206
"Pemy, Moustapha",2,634,,,,,1.0,604
"Peng, Lin",1,1515,,,,,1.0,604
"Pereira Da Silva, Carlos Manuel",1,1515,,,,,1.0,604
"Pericoli, Marcello",1,1515,,,,,1.0,604
"Peristiani, Stavros C.",2,634,,,,,2.0,206
"Perst, Achim",1,1515,,,,,1.0,604
"Pesaran, M. Hashem",3,268,,,,,1.0,604
"Pesavento, Elena",1,1515,,,,,1.0,604
"Peters, Jean Philippe",3,268,,,,,1.0,604
"Petersen, Mitchell A.",1,1515,,,,,1.0,604
"Peterson, David R.",2,634,,,,,1.0,604
"Peterson, Mark",1,1515,,,,,1.0,604
"Peterson, Stefan",2,634,,,,,1.0,604
"Petkova, Ralitsa",2,634,0.0007499062617172853,55,4.632249510290084e-07,117,2.0,206
"Petrova, Iva",1,1515,,,,,1.0,604
"Pflug, Georg",1,1515,,,,,2.0,206
"Pham, Peter Kien",5,69,,,,,2.0,206
"Pham, Toan My",2,634,,,,,1.0,604
"Phani, B. V.",2,634,,,,,1.0,604
"Philipov, Alexander",3,268,,,,,1.0,604
"Philippatos, George C.",1,1515,,,,,1.0,604
"Philippon, Thomas",2,634,0.015748031496062992,42,1.7761258399958247e-06,113,2.0,206
"Phillips, Gordon Michael",1,1515,0.0,60,0.03060208864199211,26,1.0,604
"Phillips, Richard D.",3,268,,,,,2.0,206
"Piazzesi, Monika",2,634,,,,,1.0,604
"Picard, Pierre M.",2,634,,,,,1.0,604
"Pichler, Pegaret",2,634,,,,,1.0,604
"Pichler, Stefan",2,634,,,,,1.0,604
"Piger, Jeremy M.",2,634,,,,,1.0,604
"Pilo, Batia",3,268,,,,,1.0,604
"Pinkowitz, Lee",2,634,,,,,1.0,604
"Piplack, Jan",2,634,,,,,1.0,604
"Pirinsky, Christo A.",3,268,,,,,2.0,206
"Pirrong, Craig",1,1515,,,,,1.0,604
"Pissaris, Seema",2,634,,,,,1.0,604
"Pittman, Jeffrey A.",1,1515,,,,,1.0,604
"Piwowar, Michael S.",2,634,,,,,2.0,206
"Plantin, Guillaume",1,1515,,,,,1.0,604
"Plantinga, Auke",2,634,,,,,1.0,604
"Pliska, Stanley R.",1,1515,,,,,1.0,604
"Polk, Christopher",2,634,,,,,1.0,604
"Polkovnichenko, Valery",0,2380,,,,,1.0,604
"Pollet, Joshua M.",1,1515,,,,,1.0,604
"Poloz, Stephen S.",0,2380,,,,,1.0,604
"Polwitoon, Sirapat",1,1515,,,,,1.0,604
"Pontiff, Jeffrey",3,268,,,,,2.0,206
"Popova, Elmira",2,634,,,,,1.0,604
"Popova, Ivilina",2,634,,,,,1.0,604
"Porath, Daniel",8,14,,,,,2.0,206
"Portniaguina, Evgenia",1,1515,,,,,1.0,604
"Post, Thierry Thierry",2,634,,,,,3.0,73
"Poteshman, Allen M.",5,69,,,,,3.0,73
"Potter, Simon M.",2,634,,,,,1.0,604
"Pouget, Sébastien",0,2380,,,,,1.0,604
"Pouliasis, Panos K.",2,634,,,,,1.0,604
"Pouyet, Jérôme",2,634,,,,,1.0,604
"Povel, Paul",2,634,,,,,2.0,206
"Powers, Eric A.",1,1515,,,,,1.0,604
"Pozzolo, Alberto Franco",1,1515,,,,,1.0,604
"Prati, Alessandro",2,634,,,,,1.0,604
"Preve, Lorenzo A.",2,634,0.0,60,0.00890253986657072,37,1.0,604
"Prigent, Jean Luc",1,1515,,,,,1.0,604
"Primbs, James A.",1,1515,,,,,1.0,604
"Pritsker, Matthew",0,2380,,,,,1.0,604
"Prodan, Ruxandra",1,1515,,,,,1.0,604
"Protter, Philip",3,268,,,,,1.0,604
"Psychoyios, Dimitris",2,634,,,,,1.0,604
"Puckett, Andy",2,634,,,,,1.0,604
"Pullirsch, Rainer",2,634,,,,,1.0,604
"Puri, Manju",4,136,,,,,3.0,73
"Purnanandam, Amiyatosh K.",1,1515,,,,,2.0,206
"Pástor, Ľuboš",3,268,,,,,2.0,206
"Pérez Sebastián, Fidel",1,1515,,,,,1.0,604
"Pérez-Quirós, Gabriel",1,1515,,,,,1.0,604
"Pérignon, Christophe",5,69,,,,,3.0,73
"Qi, Min",1,1515,,,,,1.0,604
"Qian, Jun",1,1515,,,,,1.0,604
"Qiu, Jiaping",4,136,,,,,3.0,73
"Quaranta, Anna Grazia",1,1515,,,,,1.0,604
"Quinn, Dennis P.",1,1515,,,,,1.0,604
"Rachev, Svetlozar T.",9,10,,,,,4.0,34
"Raddatz, Claudio E.",1,1515,,,,,2.0,206
"Raheja, Charu G.",3,268,,,,,1.0,604
"Rahiala, Markku",4,136,,,,,1.0,604
"Rajan, Arvind",1,1515,,,,,1.0,604
"Rajan, Madhav V.",2,634,,,,,1.0,604
"Rajan, Raghuram G.",5,69,0.06866849977086198,22,0.04616383595284833,16,3.0,73
"Rajgopal, Shivaram",2,634,,,,,1.0,604
"Rakowski, David A.",3,268,,,,,2.0,206
"Rallis, Georgios",1,1515,,,,,1.0,604
"Ramadorai, Tarun",4,136,,,,,2.0,206
"Ramaswamy, K. V.",3,268,,,,,1.0,604
"Rampini, Adriano A.",1,1515,,,,,1.0,604
"Rancière, Romain",3,268,,,,,2.0,206
"Randl, Otto",3,268,,,,,1.0,604
"Rangan, Kasturi P.",3,268,0.015748031496062992,42,0.000960874010118252,54,2.0,206
"Rangan, Nanda K.",2,634,0.0,60,0.0009531823047174335,55,1.0,604
"Rangel, José Gonzalo",1,1515,,,,,1.0,604
"Rangvid, Jesper",0,2380,,,,,1.0,604
"Rantapuska, Elias",0,2380,,,,,1.0,604
"Rasmusen, Eric Bennett",0,2380,,,,,1.0,604
"Ratti, Ronald Andrew",2,634,,,,,1.0,604
"Rau, P. Raghavendra",8,14,,,,,3.0,73
"Rauh, Joshua D.",0,2380,,,,,2.0,206
"Ravenna, Federico",1,1515,,,,,1.0,604
"Ravid, S. Abraham",4,136,,,,,2.0,206
"Raviv, Alon",2,634,,,,,1.0,604
"Raviv, Artur",1,1515,,,,,1.0,604
"Ready, Mark J.",1,1515,,,,,2.0,206
"Rebelo, Sérgio T.",1,1515,,,,,1.0,604
"Reed, Adam V.",3,268,,,,,1.0,604
"Reed, Robert R.",1,1515,,,,,1.0,604
"Rehman, Zahid",2,634,,,,,2.0,206
"Reisel, Natalia",2,634,,,,,1.0,604
"Renault, Micheline",2,634,0.0,60,2.2365416009403428e-06,107,1.0,604
"Renault, Éric",2,634,,,,,1.0,604
"Renneboog, Luc D.R.",7,24,,,,,5.0,17
"Resti, Andrea",3,268,,,,,2.0,206
"Rey, Hélène",1,1515,,,,,1.0,604
"Rhee, Ghon",3,268,,,,,1.0,604
"Rhodes-Kropf, Matthew",1,1515,,,,,1.0,604
"Riboni, Alessandro",1,1515,,,,,1.0,604
"Richardson, Matthew P.",5,69,,,,,3.0,73
"Richardson, Scott A.",3,268,,,,,1.0,604
"Richter, Kai",1,1515,,,,,1.0,604
"Riddiough, Timothy J.",3,268,,,,,2.0,206
"Rigobon, Roberto",1,1515,,,,,1.0,604
"Rindisbacher, Marcel",2,634,,,,,1.0,604
"Ritchken, Peter H.",2,634,,,,,1.0,604
"Ritter, Jay R.",4,136,,,,,3.0,73
"Riyanto, Yohanes Eko",2,634,,,,,2.0,206
"Roberts, Michael R.",6,35,,,,,3.0,73
"Robinson, David T.",4,136,,,,,5.0,17
"Rochet, Jean Charles",1,1515,,,,,1.0,604
"Rocheteau, Guillaume",1,1515,,,,,1.0,604
"Rocholl, Jörg",1,1515,,,,,1.0,604
"Rockafellar, R. Tyrrell",2,634,,,,,2.0,206
"Roden, Dianne M.",2,634,0.0,60,0.0009523049446816659,56,1.0,604
"Rodriguez, Daniel",1,1515,,,,,1.0,604
"Rodríguez Mendizábal, Hugo",2,634,,,,,3.0,73
"Rodríguez-Fernández, Francisco",4,136,0.0,60,0.00011379548090254732,82,2.0,206
"Roffia, Barbara",2,634,,,,,1.0,604
"Rogers, John H.",1,1515,,,,,1.0,604
"Roll, Richard",5,69,,,,,3.0,73
"Romero-Ávila, Diego",0,2380,,,,,1.0,604
"Roncoroni, Andrea",3,268,,,,,2.0,206
"Ronn, Ehud Ehud",1,1515,,,,,1.0,604
"Rosati, Simonetta",1,1515,,,,,1.0,604
"Rosazza Gianin, Emanuela",1,1515,,,,,1.0,604
"Rose, Andrew K.",2,634,,,,,2.0,206
"Rose, Lawrence C.",2,634,,,,,1.0,604
"Rosen, Richard J.",2,634,0.007874015748031496,51,0.0021785052944783352,51,2.0,206
"Rosenberg, Joshua V.",2,634,,,,,2.0,206
"Rosengren, Eric S.",3,268,,,,,1.0,604
"Rosenthal, Jean Laurent",3,268,,,,,1.0,604
"Ross, Stephen A.",3,268,,,,,1.0,604
"Rossello, Damiano",4,136,,,,,1.0,604
"Roszbach, Kasper",3,268,,,,,2.0,206
"Roth, Volker",1,1515,,,,,1.0,604
"Rountree, Brian R.",2,634,,,,,1.0,604
"Rous, Philippe",3,268,,,,,2.0,206
"Rousseau, Peter L.",1,1515,,,,,1.0,604
"Rouwenhorst, K. Geert",2,634,,,,,1.0,604
"Roy Song, Kyojik",2,634,,,,,1.0,604
"Rubio, Gonzalo",2,634,,,,,1.0,604
"Rubio-Misas, María",1,1515,,,,,1.0,604
"Rudd, Jeremy B.",1,1515,,,,,1.0,604
"Rudebusch, Glenn D.",1,1515,,,,,1.0,604
"Ruenzi, Stefan",1,1515,,,,,1.0,604
"Ruge-Murciá, Francisco J.",1,1515,,,,,1.0,604
"Rumble, Adrienne S.",2,634,,,,,2.0,206
"Russell, Jeffrey R.",1,1515,,,,,1.0,604
"Rusticus, Tjomme O.",2,634,,,,,1.0,604
"Ruszczyński, Andrzej",1,1515,,,,,1.0,604
"Ruthenberg, David",1,1515,,,,,1.0,604
"RØisland, Øistein",0,2380,,,,,1.0,604
"Rátfai, Attila",0,2380,,,,,1.0,604
"Saar, Gideon",2,634,,,,,1.0,604
"Saar-Tsechansky, Maytal",2,634,,,,,1.0,604
"Sade, Orly",2,634,,,,,1.0,604
"Sadka, Ronnie",5,69,,,,,5.0,17
"Sager, Michael J.",1,1515,,,,,1.0,604
"Sagi, Jacob S.",2,634,,,,,2.0,206
"Sahlström, Petri",4,136,,,,,1.0,604
"Saita, Leandro",4,136,,,,,2.0,206
"Sala, Luca",2,634,,,,,1.0,604
"Salas, Jm Ian S.",1,1515,,,,,1.0,604
"Salas, Vicente",3,268,,,,,2.0,206
"Salas-Fumás, Vicente",2,634,,,,,2.0,206
"Salemi, Michael K.",0,2380,,,,,1.0,604
"Salva, Carolina",2,634,,,,,1.0,604
"Samartín, Margarita",1,1515,,,,,1.0,604
"Samphantharak, Krislert",3,268,,,,,1.0,604
"Sander, Harald",1,1515,,,,,1.0,604
"Sandow, Sven",3,268,,,,,2.0,206
"Sandås, Patrik",3,268,,,,,1.0,604
"Sannikov, Yuliy",1,1515,,,,,1.0,604
"Santa-Clara, Pedro",2,634,,,,,1.0,604
"Santaló, Juan",1,1515,,,,,1.0,604
"Santor, Eric",1,1515,,,,,1.0,604
"Santos, João A.C.",3,268,,,,,4.0,34
"Santos, Tano J.",1,1515,,,,,1.0,604
"Sapienza, Paola",2,634,,,,,1.0,604
"Sapp, Travis R.A.",1,1515,,,,,1.0,604
"Sarantis, Nicholas C.",0,2380,,,,,1.0,604
"Sargent, Thomas J.",3,268,,,,,2.0,206
"Sarkar, Sudipto",1,1515,,,,,2.0,206
"Sarno, Lucio",3,268,,,,,2.0,206
"Sarria-Allende, Virginia",2,634,0.0,60,0.00890253986657072,37,1.0,604
"Satchi, Mathan",3,268,,,,,1.0,604
"Sato, Kiyotaka",1,1515,,,,,1.0,604
"Saunders, Anthony",10,4,0.2293879931675207,6,0.0007472100046575193,61,3.0,73
"Saunders, David",2,634,,,,,1.0,604
"Saurina, Jesús",5,69,,,,,3.0,73
"Sautner, Zacharias",1,1515,,,,,1.0,604
"Savickas, Robert",1,1515,,,,,2.0,206
"Sawada, Yasuyuki",1,1515,,,,,1.0,604
"Scaillet, Olivier",1,1515,,,,,1.0,604
"Schaeck, Klaus",2,634,,,,,1.0,604
"Schaefer, Scott",1,1515,,,,,1.0,604
"Schaefer, Stephen M.",1,1515,,,,,1.0,604
"Scharfstein, David S.",3,268,,,,,1.0,604
"Scheinkman, José A.",2,634,,,,,2.0,206
"Schenk-Hoppé, Klaus Reiner",2,634,,,,,1.0,604
"Schenzler, Christoph M.",1,1515,,,,,1.0,604
"Scherbina, Anna",1,1515,,,,,1.0,604
"Schiantarelli, Fabio",2,634,,,,,1.0,604
"Schill, Michael J.",3,268,,,,,2.0,206
"Schindele, Ibolya",3,268,,,,,1.0,604
"Schlag, Christian",2,634,,,,,1.0,604
"Schlingemann, Frederik P.",4,136,,,,,2.0,206
"Schmeiser, Hato",1,1515,,,,,1.0,604
"Schmeits, Anjolein",2,634,,,,,1.0,604
"Schmidt, Jan Hendrik",2,634,,,,,1.0,604
"Schmiedel, Heiko",3,268,,,,,2.0,206
"Schmukler, Sergio L.",3,268,0.0,60,0.07601287078772066,10,3.0,73
"Schnabel, Isabel",2,634,0.0,60,0.0024485379724025007,48,1.0,604
"Schneider, Eva",2,634,,,,,1.0,604
"Schneider, Martin",3,268,,,,,2.0,206
"Schoar, Antoinette",6,35,,,,,3.0,73
"Scholnick, Barry",5,69,0.015935508061492312,40,0.00010729390813969476,83,3.0,73
"Scholtens, Bert",2,634,,,,,1.0,604
"Schorfheide, Frank",2,634,,,,,1.0,604
"Schrand, Catherine M.",2,634,,,,,1.0,604
"Schroth, Enrique",0,2380,,,,,1.0,604
"Schuermann, Til",6,35,,,,,4.0,34
"Schuhmacher, Frank",1,1515,,,,,1.0,604
"Schultz, Paul Harvey",0,2380,,,,,1.0,604
"Schwaiger, Walter S.A.",2,634,,,,,1.0,604
"Schwartz, Eduardo S.",2,634,,,,,1.0,604
"Schwarz, Christopher G.",3,268,,,,,1.0,604
"Schwendener, Alvin",2,634,,,,,1.0,604
"Schwienbacher, Armin",2,634,,,,,2.0,206
"Schürhoff, Norman",2,634,,,,,2.0,206
"Seasholes, Mark S.",3,268,,,,,2.0,206
"Secchi, Alessandro",1,1515,,,,,1.0,604
"Secola, Stefania",1,1515,,,,,1.0,604
"Seery, Laura",2,634,,,,,1.0,604
"Seligman, Jason S.",0,2380,,,,,1.0,604
"Sembenelli, Alessandro",2,634,,,,,1.0,604
"Sengmueller, Paul",2,634,,,,,1.0,604
"Sengupta, Kunal",1,1515,,,,,1.0,604
"Sengupta, Rajdeep",0,2380,,,,,1.0,604
"Seol, Youn",2,634,,,,,1.0,604
"Sercu, Piet",1,1515,,,,,1.0,604
"Serifsoy, Baris",1,1515,,,,,2.0,206
"Seru, Amit",3,268,,,,,2.0,206
"Servaes, Henri",2,634,,,,,1.0,604
"Seyhun, H. Nejat",1,1515,,,,,1.0,604
"Shackelford, Douglas A.",3,268,,,,,1.0,604
"Shackleton, Mark B.",5,69,,,,,2.0,206
"Shah, Manju Kedia",1,1515,,,,,1.0,604
"Shahrur, Husayn",1,1515,,,,,1.0,604
"Shanken, Jay",1,1515,,,,,1.0,604
"Shanthikumar, Devin M.",1,1515,,,,,1.0,604
"Shapira, Zur B.",1,1515,,,,,1.0,604
"Shapiro, Alexander",3,268,,,,,1.0,604
"Shapiro, Alexander",2,634,,,,,2.0,206
"Shapiro, Joel",2,634,,,,,1.0,604
"Sheedy, Elizabeth A.",1,1515,,,,,1.0,604
"Sheen, Jeffrey R.",1,1515,,,,,1.0,604
"Shen, Chunghua",1,1515,,,,,1.0,604
"Shen, Y. (J )",3,268,,,,,1.0,604
"Shevlin, Terry J.",2,634,,,,,1.0,604
"Shi, Jian",3,268,,,,,1.0,604
"Shi, Jing",2,634,,,,,1.0,604
"Shim, Ilhyock",1,1515,,,,,1.0,604
"Shimizutani, Satoshi",1,1515,,,,,1.0,604
"Shin, Hyun Song",2,634,,,,,2.0,206
"Shin, Yoon",2,634,,,,,1.0,604
"Shinki, Kazuhiko",1,1515,,,,,1.0,604
"Shioji, Etsuro",1,1515,,,,,1.0,604
"Shivakumar, Lakshmanan",1,1515,,,,,1.0,604
"Shivdasani, Anil",1,1515,,,,,2.0,206
"Shleifer, Andrei",4,136,,,,,3.0,73
"Shrestha, Keshab M.",2,634,,,,,1.0,604
"Shu, Tao",2,634,,,,,1.0,604
"Shum, Clement",4,136,,,,,1.0,604
"Shumway, Tyler",1,1515,0.0,60,6.98666307371538e-05,88,1.0,604
"Shurki, Itzik",3,268,,,,,1.0,604
"Sialm, Clemens",2,634,,,,,1.0,604
"Sibert, Anne C.",1,1515,,,,,1.0,604
"Siegel, Stephan",3,268,,,,,1.0,604
"Siklos, Pierre L.",2,634,,,,,1.0,604
"Silva, Ana Cristina",1,1515,,,,,1.0,604
"Simin, Timothy T.",4,136,,,,,2.0,206
"Simonov, Andrei",4,136,,,,,3.0,73
"Simper, Richard",2,634,,,,,1.0,604
"Sin, Samantha",2,634,,,,,1.0,604
"Singh, Ajai K.",3,268,,,,,1.0,604
"Singh, Manohar",3,268,,,,,1.0,604
"Singh, Rajdeep",2,634,,,,,2.0,206
"Singhal, Rajeev",2,634,,,,,1.0,604
"Singleton, Kenneth J.",3,268,,,,,2.0,206
"Sinha, Meenakshi",2,634,,,,,1.0,604
"Sironi, Andrea",3,268,,,,,2.0,206
"Sirri, Erik R.",2,634,,,,,1.0,604
"Sivaramakrishnan, Konduru",1,1515,,,,,1.0,604
"Skeie, David R.",0,2380,,,,,1.0,604
"Skiadopoulos, George",4,136,,,,,2.0,206
"Skinner, Douglas J.",0,2380,,,,,1.0,604
"Skoglund, Jimmy",1,1515,,,,,1.0,604
"Slezak, Steve L.",1,1515,,,,,1.0,604
"Slive, Joshua",3,268,,,,,1.0,604
"Slovin, Myron B.",2,634,,,,,1.0,604
"Smallwood, Aaron D.",1,1515,,,,,1.0,604
"Smith, Brian Frederick",1,1515,,,,,1.0,604
"Smith, Daniel R.",1,1515,,,,,1.0,604
"Smith, Janet Kiholm",2,634,,,,,1.0,604
"Smith, Paul A.",3,268,,,,,1.0,604
"Smith, R. Todd",2,634,,,,,2.0,206
"Smith, Richard L.",3,268,,,,,2.0,206
"Smith, Stanley D.",2,634,,,,,1.0,604
"Smith, Stephen D.",2,634,,,,,1.0,604
"Snower, Dennis J.",1,1515,,,,,1.0,604
"Song, Fenghua",1,1515,,,,,2.0,206
"Sonia Man Lai, Wong M.Sonia",4,136,,,,,1.0,604
"Sonti, Ramana",2,634,,,,,1.0,604
"Sorescu, Sorin M.",3,268,,,,,1.0,604
"Spagnolo, Giancarlo",2,634,,,,,1.0,604
"Spencer, Peter D.",0,2380,,,,,1.0,604
"Speranza, M. Grazia",2,634,,,,,1.0,604
"Spiegel, Mark M.",1,1515,,,,,1.0,604
"Spiegel, Matthew",5,69,,,,,2.0,206
"Spong, Kenneth R.",1,1515,,,,,1.0,604
"Srinivasan, Anand",4,136,0.14160729908761405,11,0.0007380004866606508,63,2.0,206
"Srivastava, Anup",2,634,,,,,1.0,604
"St-Amour, Pascal",1,1515,,,,,1.0,604
"Stafford, Erik",3,268,,,,,2.0,206
"Stanhouse, Bryan E.",1,1515,,,,,1.0,604
"Stanton, Richard Henry",1,1515,,,,,1.0,604
"Starks, Laura T.",6,35,,,,,2.0,206
"Startz, Richard",2,634,,,,,1.0,604
"Staten, Michael E.",2,634,,,,,1.0,604
"Statman, Meir",2,634,,,,,1.0,604
"Steeley, James M.",0,2380,,,,,1.0,604
"Steijvers, Tensie",1,1515,,,,,1.0,604
"Stein, Jeremy C.",6,35,,,,,4.0,34
"Stein, Jerome L.",0,2380,,,,,1.0,604
"Stein, Roger M.",1,1515,,,,,1.0,604
"Steiner, Thomas Lorenz",2,634,,,,,1.0,604
"Stine, Robert A.",3,268,,,,,1.0,604
"Stiroh, Kevin J.",2,634,,,,,3.0,73
"Stock, Duane R.",2,634,,,,,1.0,604
"Stock, James H.",1,1515,,,,,1.0,604
"Stoimenov, Pavel A.",1,1515,,,,,1.0,604
"Stojanovic, Dusan",2,634,,,,,1.0,604
"Stolin, David",1,1515,,,,,1.0,604
"Stoll, Hans R.",1,1515,,,,,1.0,604
"Stomper, Alex",2,634,,,,,1.0,604
"Stone, Gregory R.",3,268,,,,,1.0,604
"Stoughton, Neal M.",1,1515,,,,,1.0,604
"Stouraitis, Aris",2,634,,,,,1.0,604
"Stoyanov, Stoyan V.",4,136,,,,,2.0,206
"Strachan, Rodney W.",2,634,,,,,1.0,604
"Straetmans, Stefan T.M.",2,634,,,,,1.0,604
"Strahan, Philip E.",3,268,,,,,3.0,73
"Strawderman, William Edward",2,634,,,,,1.0,604
"Strebulaev, Ilya A.",2,634,,,,,3.0,73
"Stremme, Alexander",2,634,,,,,1.0,604
"Strong, Norman C.",1,1515,,,,,1.0,604
"Strömberg, Per",2,634,,,,,1.0,604
"Stuart, Nathan V.",3,268,,,,,1.0,604
"Stulz, René M.",17,1,,,,,9.0,3
"Sturm, Jan-Egbert",1,1515,,,,,1.0,604
"Su, Xiaojing",2,634,,,,,1.0,604
"Subrahmanyam, Avanidhar",10,4,,,,,6.0,11
"Subrahmanyam, Marti G.",8,14,,,,,3.0,73
"Subrahmanyam, Vijaya",2,634,,,,,1.0,604
"Subramanian, Ajay",1,1515,,,,,1.0,604
"Subramanian, Chetan",1,1515,,,,,1.0,604
"Suchintabandid, Sira",1,1515,,,,,1.0,604
"Sufi, Amir",0,2380,,,,,1.0,604
"Sul, Donggyu",2,634,,,,,1.0,604
"Sullivan, Richard J.",1,1515,,,,,1.0,604
"Sun, Amy",2,634,,,,,1.0,604
"Sun, Le",2,634,0.0,60,2.618396133324619e-07,118,1.0,604
"Sun, Qian",2,634,,,,,1.0,604
"Sun, Xian",2,634,,,,,1.0,604
"Sundaram, Rangarajan K.",1,1515,,,,,1.0,604
"Sundaresan, Suresh M.",3,268,,,,,2.0,206
"Sushka, Marie Elizabeth",2,634,,,,,1.0,604
"Suwanaporn, Chodechai",2,634,,,,,1.0,604
"Swaminathan, Bhaskaran",2,634,,,,,1.0,604
"Swanson, Edward P.",2,634,,,,,1.0,604
"Swanson, Eric T.",0,2380,,,,,1.0,604
"Swanson, Norman Rasmus",1,1515,,,,,1.0,604
"Sweeney, Richard James",2,634,0.0,60,0.0002634723122998442,66,1.0,604
"Swinkels, Jeroen M.",1,1515,,,,,1.0,604
"Szakmary, Andrew C.",2,634,,,,,1.0,604
"Szewczyk, Samuel H.",2,634,,,,,1.0,604
"Szilagyi, Jan",2,634,,,,,1.0,604
"Szimayer, Alexander",2,634,,,,,1.0,604
"SØrensen, Morten",0,2380,,,,,1.0,604
"Sápp, Stephen G.",1,1515,,,,,1.0,604
"Söderström, Ulf",1,1515,,,,,1.0,604
"Sørensen, Bent E.",2,634,,,,,1.0,604
"Sørensen, Peter Norman",1,1515,,,,,1.0,604
"Taboga, Marco",1,1515,,,,,1.0,604
"Taffler, Richard J.",1,1515,,,,,1.0,604
"Tagg, Stephen K.",3,268,,,,,1.0,604
"Takamizawa, Hideyuki",0,2380,,,,,1.0,604
"Takaoka, Sumiko",1,1515,,,,,1.0,604
"Talay, Denis",4,136,,,,,1.0,604
"Taliaferro, Ryan",2,634,,,,,1.0,604
"Tamborini, Roberto",1,1515,,,,,1.0,604
"Tan, Hongping",2,634,,,,,1.0,604
"Tan, Kokhui",2,634,,,,,1.0,604
"Tandon, Kishore",3,268,,,,,1.0,604
"Tang, Ke",2,634,,,,,1.0,604
"Tang, Ning",3,268,,,,,1.0,604
"Tang, Yi",2,634,,,,,1.0,604
"Tanré, Etienne",4,136,,,,,1.0,604
"Tapking, Jens",2,634,,,,,2.0,206
"Tarazi, Amine",3,268,,,,,2.0,206
"Tarkka, Juha",2,634,,,,,1.0,604
"Tartaroglu, Semih",1,1515,,,,,1.0,604
"Taschini, Luca",1,1515,,,,,1.0,604
"Tashjian, Elizabeth",2,634,,,,,1.0,604
"Tate, Geoffrey",2,634,,,,,2.0,206
"Taub, Bart",1,1515,0.0,60,1.924895383877922e-07,126,1.0,604
"Tavakoli, Manouche",3,268,,,,,1.0,604
"Tawatnuntachai, Oranee",1,1515,,,,,1.0,604
"Taylor, Mark P.",1,1515,,,,,1.0,604
"Taylor, Stephen J.",5,69,,,,,2.0,206
"Tehranian, Hassan",5,69,0.01556055493063367,48,0.0001828185913734041,74,4.0,34
"Teo, Melvyn",2,634,,,,,1.0,604
"Teoh, Siewhong Hong",3,268,,,,,1.0,604
"Ter Horst, Jenke R.",2,634,,,,,1.0,604
"Tetlock, Paul C.",2,634,,,,,2.0,206
"Tetlow, Robert J.",1,1515,,,,,1.0,604
"Thakor, Anjan V.",5,69,,,,,6.0,11
"Theissen, Erik",2,634,,,,,1.0,604
"Theobald, Michael F.",2,634,,,,,1.0,604
"Thesmar, David J.",2,634,,,,,1.0,604
"Thoeny, Markus",4,136,,,,,1.0,604
"Thomas, Dylan C.",1,1515,,,,,1.0,604
"Thomas, Randall S.",3,268,,,,,1.0,604
"Thomas, Shawn E.",2,634,,,,,1.0,604
"Thompson, Rex Steve",2,634,,,,,2.0,206
"Thompson, Samuel B.",3,268,,,,,3.0,73
"Thompson, Thomas Hall",1,1515,,,,,1.0,604
"Thomson, James B.",2,634,,,,,1.0,604
"Thorburn, Karin S.",1,1515,,,,,1.0,604
"Thorley, Steven R.",2,634,,,,,1.0,604
"Thornton, Daniel L.",2,634,,,,,3.0,73
"Tian, Weidong",3,268,,,,,1.0,604
"Tibiletti, Luisa",4,136,,,,,1.0,604
"Tice, Sheri",1,1515,,,,,1.0,604
"Timmermann, Allan G.",1,1515,,,,,1.0,604
"Titman, Sheridan D.",14,3,,,,,8.0,5
"Tompaidis, Stathis",2,634,,,,,1.0,604
"Tompkins, Robert G.",1,1515,,,,,1.0,604
"Tong, Zhenxu",0,2380,,,,,1.0,604
"Tookes, Heather E.",0,2380,,,,,1.0,604
"Toolsema, Linda A.",1,1515,,,,,1.0,604
"Topaloglou, Nikolas",2,634,,,,,1.0,604
"Topaloglu, Selim",2,634,,,,,1.0,604
"Tornell, Aarón",2,634,,,,,1.0,604
"Torous, Walter N.",2,634,,,,,1.0,604
"Torstila, Sami",2,634,,,,,1.0,604
"Tourani-Rad, Alireza",2,634,,,,,1.0,604
"Toyoda, A. Maria",1,1515,,,,,1.0,604
"Tressel, Thierry",3,268,0.002239303420405782,54,0.06922546983278757,12,2.0,206
"Treutler, Björn Jakob",3,268,,,,,1.0,604
"Triantis, Alexander J.",1,1515,,,,,1.0,604
"Trigari, Antonella",2,634,,,,,1.0,604
"Triki, Thouraya",2,634,,,,,1.0,604
"Trindade, Alexander Alexandre",3,268,,,,,1.0,604
"Trojani, Fabio",2,634,,,,,1.0,604
"Trueman, Brett",2,634,,,,,1.0,604
"Trück, Stefan",3,268,,,,,1.0,604
"Tserlukevich, Yuri",0,2380,,,,,1.0,604
"Tsiakas, Ilias",0,2380,,,,,1.0,604
"Tsyplakov, Sergey",0,2380,,,,,1.0,604
"Tu, Jun",2,634,,,,,1.0,604
"Tucker, Alan L.",1,1515,,,,,1.0,604
"Tuesta, Vicente",1,1515,,,,,1.0,604
"Tufano, Peter",2,634,,,,,1.0,604
"Turnovsky, Stephen J.",1,1515,,,,,1.0,604
"Twite, Garry J.",3,268,,,,,1.0,604
"Tzagkaraki, Emilia",2,634,,,,,1.0,604
"Tüzel, Şelale",2,634,,,,,1.0,604
"Uchida, Hirofumi",1,1515,,,,,1.0,604
"Udell, Gregory F.",2,634,0.0,60,0.0038418979707904688,45,2.0,206
"Ueda, Kenichi",2,634,0.0,60,0.03504918944181115,20,1.0,604
"Uhlig, Harald F.",1,1515,,,,,1.0,604
"Underwood, Shane E.",1,1515,,,,,1.0,604
"Uppal, Raman",2,634,,,,,1.0,604
"Uryasev, Stan",5,69,,,,,3.0,73
"Uysal, Vahap Bülent",2,634,,,,,1.0,604
"VERMA, AVINASH K.",3,268,,,,,1.0,604
"Vaihekoski, Mika",1,1515,,,,,1.0,604
"Valente, Giorgio",1,1515,,,,,1.0,604
"Valkanov, Rossen",2,634,,,,,1.0,604
"Vallelado, Eleuterio",1,1515,,,,,1.0,604
"Van Binsbergen, Jules H.",2,634,,,,,1.0,604
"Van Cayseele, Patrick J.G.",1,1515,,,,,1.0,604
"Van De Gucht, Linda M.",1,1515,,,,,1.0,604
"Van Lelyveld, Iman",1,1515,,,,,1.0,604
"Van Ness, Robert A.",5,69,,,,,2.0,206
"Van Nieuwerburgh, Stijn G.",2,634,,,,,2.0,206
"Van Oppens, Hervé",2,634,,,,,1.0,604
"Van Order, Robert A.",0,2380,,,,,1.0,604
"Van Tassel, Eric",1,1515,,,,,1.0,604
"Van Vliet, Pim",2,634,,,,,2.0,206
"Van Wincoop, Eric",1,1515,,,,,1.0,604
"VanHoose, David D.",1,1515,,,,,2.0,206
"Vanden, Joel M.",0,2380,,,,,2.0,206
"Vander Vennet, Rudi",3,268,,,,,3.0,73
"Vanini, Paolo",4,136,,,,,4.0,34
"Vaughan, Mark D.",2,634,,,,,1.0,604
"Vayanos, Dimitri",2,634,,,,,2.0,206
"Vega, Clara",1,1515,,,,,2.0,206
"Veiga, Francisco José",1,1515,,,,,1.0,604
"Veiga, Helena",1,1515,,,,,1.0,604
"Vencappa, Dev",4,136,,,,,1.0,604
"Venezia, Itzhak",4,136,,,,,2.0,206
"Venkataraman, Kumar",3,268,,,,,2.0,206
"Verbeek, Marno",3,268,,,,,3.0,73
"Vermaelen, Theo J.",2,634,,,,,1.0,604
"Vermeylen, Koen",0,2380,,,,,1.0,604
"Vermilyea, Todd A.",4,136,0.03124609423822022,32,2.1266786962519594e-05,93,2.0,206
"Veronesi, Pietro",2,634,,,,,2.0,206
"Verzella, Paolo",1,1515,,,,,1.0,604
"Vesala, Jukka M.",2,634,,,,,1.0,604
"Vesala, Timo",0,2380,,,,,1.0,604
"Vesely, Filip",1,1515,,,,,1.0,604
"Vetzal, Kenneth R.",2,634,,,,,1.0,604
"Veža, Tanja",2,634,,,,,1.0,604
"Vicente, José Valentim Machado",1,1515,,,,,1.0,604
"Vickery, James",0,2380,,,,,1.0,604
"Vigneron, Olivier",2,634,,,,,1.0,604
"Vijh, Anand M.",1,1515,,,,,2.0,206
"Villa, Christophe",2,634,,,,,1.0,604
"Villalonga, Belén",1,1515,,,,,1.0,604
"Villaplana, Pablo",1,1515,,,,,1.0,604
"Vinaimont, Tom",1,1515,,,,,1.0,604
"Vines, David A.",3,268,,,,,1.0,604
"Vishwasrao, Sharmila",1,1515,,,,,1.0,604
"Viswanathan, Sridhar",3,268,,,,,2.0,206
"Vladimirou, Hercules",2,634,,,,,1.0,604
"Vogt, Bodo",2,634,,,,,1.0,604
"Volchkova, Natalya",2,634,,,,,1.0,604
"Von Eije, Henk",1,1515,,,,,1.0,604
"Von Hagen, Jürgen",2,634,,,,,2.0,206
"Voordeckers, Wim",1,1515,,,,,1.0,604
"Vorkink, Keith P.",3,268,,,,,2.0,206
"Vos, Ed",3,268,,,,,1.0,604
"Voss, David Albert",3,268,,,,,2.0,206
"Vrontos, Ioannis D.",3,268,,,,,3.0,73
"Vrontos, Spyridon D.",2,634,,,,,1.0,604
"Vulpes, Giuseppe",2,634,,,,,1.0,604
"Vuolteenaho, Tuomo",3,268,,,,,2.0,206
"Wachter, Jessica A.",2,634,,,,,3.0,73
"Wagner, Niklas F.",2,634,,,,,1.0,604
"Wagner, Wolf",1,1515,,,,,3.0,73
"Wagster, John D.",0,2380,,,,,1.0,604
"Wahal, Sunil",1,1515,,,,,1.0,604
"Wahrenburg, Mark",1,1515,,,,,1.0,604
"Wald, John K.",1,1515,,,,,1.0,604
"Walden, Johan",1,1515,,,,,1.0,604
"Walker, Mark D.",1,1515,,,,,1.0,604
"Walkling, Ralph A.",1,1515,,,,,1.0,604
"Waller, Christopher J.",1,1515,,,,,1.0,604
"Wang Beardsley, Xiaoxin",1,1515,,,,,1.0,604
"Wang, Cong",2,634,,,,,1.0,604
"Wang, Haizhi",2,634,,,,,1.0,604
"Wang, Hefei",0,2380,,,,,1.0,604
"Wang, James J.D.",2,634,,,,,1.0,604
"Wang, Jiang",6,35,,,,,3.0,73
"Wang, Junbo",4,136,,,,,2.0,206
"Wang, Ke",2,634,,,,,1.0,604
"Wang, Kehluh",2,634,,,,,1.0,604
"Wang, Neng",3,268,,,,,3.0,73
"Wang, Ping",3,268,,,,,1.0,604
"Wang, Qinghai",1,1515,,,,,1.0,604
"Wang, Rong",1,1515,,,,,1.0,604
"Wang, Tan",5,69,,,,,2.0,206
"Wang, Wei",2,634,,,,,1.0,604
"Wang, Yaw-Huei",3,268,,,,,2.0,206
"Wang, Yi",1,1515,,,,,1.0,604
"Wang, Ying",2,634,,,,,1.0,604
"Wang, Yintian",3,268,,,,,1.0,604
"Wang, Yong",1,1515,,,,,1.0,604
"Wang, Zhi Jun",2,634,,,,,1.0,604
"Wang, Zijun",2,634,,,,,1.0,604
"Warachka, Mitch Craig",3,268,,,,,1.0,604
"Warga, Arthur D.",2,634,,,,,1.0,604
"Warner, Jerold B.",2,634,,,,,1.0,604
"Warr, Richard S.",2,634,,,,,1.0,604
"Warusawitharana, Missaka",0,2380,,,,,1.0,604
"Watanabe, Akiko",1,1515,,,,,1.0,604
"Watanabe, Masahiro",1,1515,,,,,2.0,206
"Watanabe, Wako",0,2380,,,,,1.0,604
"Watson, Mark W.",1,1515,,,,,1.0,604
"Webb, Elizabeth R.",2,634,0.0,60,2.1960253205024525e-06,109,1.0,604
"Webb, Gwendolyn P.",3,268,,,,,1.0,604
"Webb, James R.",1,1515,,,,,1.0,604
"Weber, William L.",1,1515,,,,,1.0,604
"Weder Di Mauro, Beatrice",3,268,,,,,1.0,604
"Weder, Mark",0,2380,,,,,1.0,604
"Wedge, Lei",3,268,,,,,2.0,206
"Wedow, Michael",3,268,,,,,1.0,604
"Wei, Bin",1,1515,,,,,1.0,604
"Wei, Chenyang",2,634,0.0,60,0.0009320255055297482,58,1.0,604
"Wei, Jason Z.",2,634,0.0,60,2.539504833677133e-07,122,1.0,604
"Wei, Kelsey D.",5,69,,,,,2.0,206
"Wei, Li",2,634,,,,,1.0,604
"Wei, Min",2,634,,,,,1.0,604
"Wei, Ran",2,634,,,,,1.0,604
"Weidenmier, Marc D.",2,634,,,,,1.0,604
"Weill, Pierre Olivier",1,1515,,,,,1.0,604
"Weinbaum, David",3,268,0.052868391451068614,23,0.0049981765295844735,42,1.0,604
"Weiner, Scott M.",3,268,,,,,1.0,604
"Weisbach, Michael S.",3,268,,,,,2.0,206
"Weisbenner, Scott J.",4,136,,,,,3.0,73
"Weise, Charles L.",0,2380,,,,,1.0,604
"Weiss, Mary A.",1,1515,,,,,1.0,604
"Weiß, Marco",1,1515,,,,,1.0,604
"Welch, Ivo V.O.",6,35,,,,,3.0,73
"Wells, Martin T.",2,634,,,,,1.0,604
"Wen, Yi",1,1515,,,,,1.0,604
"Wermers, Russ",1,1515,,,,,1.0,604
"Werner, Thomas",2,634,,,,,1.0,604
"West, Kenneth D.",1,1515,,,,,1.0,604
"Westelius, Niklas J.",1,1515,,,,,1.0,604
"Westerfield, Mark M.",3,268,,,,,1.0,604
"Westermann, Frank",2,634,,,,,1.0,604
"Weston, James P.",6,35,,,,,3.0,73
"Whelan, Karl T.",1,1515,,,,,1.0,604
"White, Halbert L.",1,1515,,,,,1.0,604
"White, Lawrence H.",0,2380,,,,,1.0,604
"White, Lawrence J.",4,136,0.02070574511519393,38,0.002463740854015844,47,2.0,206
"White, Scott I.",2,634,,,,,1.0,604
"Whited, Toni M.",4,136,,,,,5.0,17
"Whitelaw, Robert F.",4,136,,,,,3.0,73
"Whyte, Ann Marie",4,136,,,,,2.0,206
"Wickens, Michael R.",1,1515,,,,,1.0,604
"Widdicks, Martin",3,268,,,,,1.0,604
"Wiener, Zvi",4,136,,,,,2.0,206
"Wihlborg, Clas G.",2,634,0.0,60,0.0002634723122998442,66,1.0,604
"Wilhelm, William J.",5,69,,,,,4.0,34
"Wilkens, Sascha",1,1515,,,,,1.0,604
"Willard, Gregory A.",2,634,,,,,2.0,206
"Willesson, Magnus",3,268,0.0,60,1.6254999051193634e-06,114,1.0,604
"Williams, Barry",1,1515,,,,,1.0,604
"Williams, Glenn",1,1515,,,,,1.0,604
"Williams, Jeffrey C.",1,1515,,,,,1.0,604
"Williams, Jonathan M.",2,634,,,,,1.0,604
"Williamson, Rohan",2,634,,,,,1.0,604
"Wilson, John O.S.",4,136,,,,,2.0,206
"Wilson, Mungo",1,1515,,,,,1.0,604
"Windcliff, Heath A.",2,634,,,,,1.0,604
"Winters, Drew B.",5,69,,,,,2.0,206
"Winton, Andrew",4,136,,,,,3.0,73
"Wisniewski, Tomasz Piotr",2,634,,,,,1.0,604
"Woidtke, Tracie",2,634,,,,,1.0,604
"Wolfe, Simon",2,634,,,,,1.0,604
"Wolfenzon, Daniel",1,1515,0.0,60,3.5185629022178285e-06,102,2.0,206
"Wolff, Guntram B.",1,1515,,,,,1.0,604
"Wollmershäuser, Timo",2,634,,,,,1.0,604
"Womack, Kent L.",2,634,,,,,1.0,604
"Wong, T. J.",2,634,,,,,1.0,604
"Wong, Woonkong",0,2380,,,,,1.0,604
"Wongsunwai, Wan",2,634,,,,,1.0,604
"Wongswan, Jon",0,2380,,,,,1.0,604
"Wood, Robert A.",3,268,,,,,1.0,604
"Woodford, Michael",0,2380,,,,,1.0,604
"Woodgate, Artemiza",1,1515,,,,,1.0,604
"Wren-Lewis, Simon",3,268,,,,,1.0,604
"Wu, Chunchi",6,35,,,,,3.0,73
"Wu, Congsheng",1,1515,,,,,1.0,604
"Wu, Eliza",2,634,,,,,1.0,604
"Wu, Fei",1,1515,,,,,1.0,604
"Wu, Guojun",1,1515,,,,,1.0,604
"Wu, Liuren",3,268,,,,,4.0,34
"Wu, Qiongbing",2,634,,,,,1.0,604
"Wu, Shu",0,2380,,,,,1.0,604
"Wu, Yangru",3,268,,,,,2.0,206
"Wu, Youchang",2,634,,,,,1.0,604
"Wulf, Julie",1,1515,0.0,60,0.004319196002416356,43,1.0,604
"Wurgler, Jeffrey",2,634,,,,,2.0,206
"Wuyts, Christophe",1,1515,,,,,1.0,604
"Wójcik, Cezary",1,1515,,,,,1.0,604
"Xia, Yihong",1,1515,,,,,1.0,604
"Xiao, Jason Zezhong",2,634,,,,,1.0,604
"Xiao, Wei",1,1515,,,,,1.0,604
"Xie, Fei",2,634,,,,,1.0,604
"Xie, Xiaoying",1,1515,,,,,1.0,604
"Xing, Yuhang",4,136,,,,,3.0,73
"Xiong, Jun",4,136,,,,,1.0,604
"Xiong, Wei",3,268,,,,,3.0,73
"Xu, Jianguo",0,2380,,,,,1.0,604
"Xu, Xinzhong",3,268,,,,,1.0,604
"Xu, Yexiao J.",2,634,0.0,60,8.892347718111383e-05,86,1.0,604
"Xue, Hui",1,1515,,,,,1.0,604
"Yafeh, Yishay P.",1,1515,,,,,1.0,604
"Yalcin, Atakan",2,634,4.1661458984293626e-05,58,3.7311975127634946e-05,89,1.0,604
"Yalçin, Cihan",2,634,,,,,1.0,604
"Yamada, Yuji",1,1515,,,,,1.0,604
"Yaman, Devrim",1,1515,,,,,1.0,604
"Yamori, Nobuyoshi",1,1515,,,,,1.0,604
"Yan, Hong",7,24,,,,,3.0,73
"Yan, Jun",4,136,,,,,1.0,604
"Yan, Shu",2,634,,,,,1.0,604
"Yang, Jian",4,136,,,,,2.0,206
"Yang, Jing",1,1515,,,,,1.0,604
"Yang, Liu",0,2380,,,,,1.0,604
"Yang, Minseok",2,634,,,,,1.0,604
"Yang, Song",1,1515,,,,,1.0,604
"Yang, Tina",2,634,,,,,1.0,604
"Yang, Wei",2,634,,,,,1.0,604
"Yang, Zhishu",2,634,,,,,1.0,604
"Yao, Rui",1,1515,,,,,1.0,604
"Yao, Tong",3,268,,,,,2.0,206
"Yaron, Amir",2,634,0.0,60,2.618396133324619e-07,118,1.0,604
"Yasuda, Ayako",0,2380,,,,,1.0,604
"Yañez, Monica",2,634,,,,,1.0,604
"Ye, Jinchun",1,1515,,,,,1.0,604
"Yeager, Timothy J.",2,634,,,,,1.0,604
"Yeh, Andy Jia Yuh",3,268,,,,,1.0,604
"Yermack, David L.",1,1515,,,,,2.0,206
"Yerramilli, Vijay",1,1515,,,,,1.0,604
"Yeung, Bernard Y.",6,35,,,,,3.0,73
"Yildirim, H. Semih",1,1515,,,,,1.0,604
"Yildirim, Yildiray",1,1515,,,,,1.0,604
"Yin, George George",2,634,,,,,1.0,604
"Yogo, Motohiro",2,634,,,,,3.0,73
"Yom, Chiwon",2,634,,,,,1.0,604
"Yong, Li",2,634,,,,,1.0,604
"Yorulmazer, Tanju",1,1515,0.0,60,2.818596325741819e-05,91,2.0,206
"Young, Lance",3,268,,,,,1.0,604
"Young, Martin R.",2,634,,,,,1.0,604
"Young, Steven",1,1515,,,,,1.0,604
"Yousuf, Muhammad Salman",2,634,,,,,1.0,604
"Yu, Cindy",2,634,,,,,1.0,604
"Yu, Fan",2,634,,,,,1.0,604
"Yu, Frank",0,2380,,,,,1.0,604
"Yu, Jialin",3,268,,,,,2.0,206
"Yu, Jungsuk",2,634,,,,,1.0,604
"Yu, Qiao",2,634,,,,,1.0,604
"Yu, Susana",3,268,,,,,1.0,604
"Yu, Tong",3,268,,,,,2.0,206
"Yu, Xiaoyun",1,1515,,,,,1.0,604
"Yu, Yinghui",2,634,,,,,1.0,604
"Yuan, Kathy",4,136,,,,,3.0,73
"Yuan, Rongli",2,634,,,,,1.0,604
"Yung, Chris",2,634,,,,,1.0,604
"Zabarankin, Michael",2,634,,,,,2.0,206
"Zaffaroni, Alberto",1,1515,,,,,1.0,604
"Zaidi, Rida",3,268,0.0,60,0.017145133864515657,29,1.0,604
"Zakrajšek, Egon",1,1515,,,,,1.0,604
"Zalewska, Anna",1,1515,,,,,1.0,604
"Zamora, Valentina L.",2,634,,,,,1.0,604
"Zamulin, Oleg",1,1515,,,,,1.0,604
"Zanetti, Francesco",0,2380,,,,,1.0,604
"Zantout, Zaher Z.",2,634,,,,,1.0,604
"Zapatero, Fernando",4,136,,,,,2.0,206
"Zarutskie, Rebecca",0,2380,,,,,1.0,604
"Zazzaro, Alberto",2,634,,,,,1.0,604
"Zechner, Josef",6,35,,,,,3.0,73
"Zehnder, Christian",1,1515,,,,,1.0,604
"Zein, Jason",3,268,,,,,1.0,604
"Zender, Jaime F.",4,136,,,,,2.0,206
"Zeng, Jinli",2,634,,,,,1.0,604
"Zenios, Stavros A.",6,35,,,,,3.0,73
"Zettelmeyer, Jeromin",2,634,0.0,60,0.0024485379724025007,48,1.0,604
"Zhang, Chendi",2,634,,,,,1.0,604
"Zhang, Chengsi",2,634,,,,,1.0,604
"Zhang, Chu",1,1515,,,,,1.0,604
"Zhang, Donghang",2,634,,,,,2.0,206
"Zhang, Gaiyan",1,1515,,,,,1.0,604
"Zhang, Hao",2,634,,,,,1.0,604
"Zhang, Harold H.",3,268,,,,,1.0,604
"Zhang, Hong",2,634,,,,,1.0,604
"Zhang, Huai",2,634,,,,,1.0,604
"Zhang, Jie",2,634,,,,,1.0,604
"Zhang, Jin E.",2,634,,,,,1.0,604
"Zhang, Lu",8,14,0.08461442319710036,16,2.3938913490235754e-06,103,5.0,17
"Zhang, Qiang",0,2380,,,,,1.0,604
"Zhang, Qing",2,634,,,,,1.0,604
"Zhang, Tianyu",2,634,,,,,1.0,604
"Zhang, X. Frank",2,634,,,,,2.0,206
"Zhang, Xiaoyan",5,69,,,,,2.0,206
"Zhang, Xinan",1,1515,,,,,1.0,604
"Zhang, Zhengjun",1,1515,,,,,1.0,604
"Zhao, Feng",2,634,,,,,2.0,206
"Zhao, Jing",2,634,,,,,1.0,604
"Zhao, Mengxin",1,1515,,,,,1.0,604
"Zhao, Tianshu",2,634,,,,,1.0,604
"Zhao, Yonggan",2,634,,,,,2.0,206
"Zhdanov, Alexei",1,1515,,,,,1.0,604
"Zheng, Harry",0,2380,,,,,1.0,604
"Zheng, Lu U.",4,136,,,,,2.0,206
"Zhong, Maosen",2,634,,,,,1.0,604
"Zhou, Guofu",3,268,,,,,2.0,206
"Zhou, Lei",2,634,,,,,1.0,604
"Zhou, Xianming",1,1515,,,,,1.0,604
"Zhu, Ning",3,268,,,,,2.0,206
"Zhu, Yun(Ellen)",1,1515,,,,,1.0,604
"Zhu, Zhenhua",1,1515,,,,,1.0,604
"Zia, Bilal H.",0,2380,,,,,1.0,604
"Ziegler, Alexandre",1,1515,,,,,2.0,206
"Ziemba, William T.",5,69,,,,,4.0,34
"Zigrand, Jean Pierre",1,1515,,,,,1.0,604
"Zilca, Shlomo",1,1515,,,,,1.0,604
"Zimmermann, Heinz D.",1,1515,,,,,1.0,604
"Zingales, Luigi",5,69,,,,,3.0,73
"Zirilli, Francesco",2,634,,,,,1.0,604
"Zou, Hong",8,14,,,,,4.0,34
"Zou, Liping",1,1515,,,,,1.0,604
"Zrazhevsky, Grigoriy M.",3,268,,,,,1.0,604
"Zulehner, Christine",2,634,,,,,1.0,604
"Zumwalt, James Kenton",3,268,,,,,1.0,604
"Zutter, Chad J.",3,268,,,,,1.0,604
"d'Addona, Stefano",1,1515,,,,,1.0,604
"Çetin, Umut",3,268,,,,,1.0,604
"Égert, Balázs",3,268,,,,,2.0,206
"Östberg, Per",0,2380,,,,,1.0,604
"Ødegaard, Bernt Arne",0,2380,,,,,1.0,604
"Ünal, Haluk",2,634,,,,,1.0,604
